model_layer,entrypoint,case_label,ScenarioMode,FailureTiming,SE_Disrupt,Rocket_Disrupt,param,baseline_value,factor,trial_value,policy,tau_star_bisect (yr),tau_build (yr),Time_total (yr),TotalCost ($B),E_total (index),Total_FE_Launches,Total_FA_Launches,Total_SE_Throughput (tons),Apex_Inventory_Peak (tons),route_share_direct,regime_label,SolverSuccess,ConstraintOK,BuildOK,OpsOK,ReturnStatus,status
campaign_scale,run_bridge_sensitivity.py,mixed_base,mixed,relative,OFF,OFF,K_max_total_tpy,537000.0,0.6,322200.0,tau_star,8.013671875,8.013671875,9.013671875,79810.86769264919,1017970280.6415378,797931.0091922594,887.0319239396683,104539.77781714391,95119.02797562513,0.9988895694910693,rocket-dominant,YES,YES,YES,YES,Solve_Succeeded,OK
campaign_scale,run_bridge_sensitivity.py,mixed_base,mixed,relative,OFF,OFF,K_max_total_tpy,537000.0,0.6,322200.0,cost_opt,8.013671875,8.414355468847594,9.414355468847594,79803.29746300876,1017905969.1552186,797841.3583901331,956.6578173347333,113870.59499909512,87052.6751269132,0.9988023783260295,rocket-dominant,YES,YES,YES,YES,Solve_Succeeded,OK
campaign_scale,run_bridge_sensitivity.py,mixed_base,mixed,relative,OFF,OFF,K_max_total_tpy,537000.0,0.8,429600.0,tau_star,8.013671875,8.013671875,9.013671875,79789.99477231049,1017820467.6763462,797668.7884765875,1154.0873384219558,136711.5332036616,125997.45356941297,0.9985552650363894,rocket-dominant,YES,YES,YES,YES,Solve_Succeeded,OK
campaign_scale,run_bridge_sensitivity.py,mixed_base,mixed,relative,OFF,OFF,K_max_total_tpy,537000.0,0.8,429600.0,cost_opt,8.013671875,8.41435546884731,9.41435546884731,79780.49244109969,1017743358.6054926,797555.0630586501,1247.4360932096702,149653.4818845856,112696.82595586168,0.9984383673129038,rocket-dominant,YES,YES,YES,YES,Solve_Succeeded,OK
campaign_scale,run_bridge_sensitivity.py,mixed_base,mixed,relative,OFF,OFF,K_max_total_tpy,537000.0,1.0,537000.0,tau_star,8.013671875,8.013671875,9.013671875,79769.15867387883,1017671279.274643,797407.3080810705,1419.2790015846483,169142.96028239856,156944.07963579855,0.9982232952376211,rocket-dominant,YES,YES,YES,YES,Solve_Succeeded,OK
campaign_scale,run_bridge_sensitivity.py,mixed_base,mixed,relative,OFF,OFF,K_max_total_tpy,537000.0,1.0,537000.0,cost_opt,8.013671875,8.414355468846258,9.414355468846258,79757.74984859531,1017581056.8668423,797269.8880675646,1535.734159386719,185434.60448669575,132179.55902994468,0.9980774620049552,rocket-dominant,YES,YES,YES,YES,Solve_Succeeded,OK
campaign_scale,run_bridge_sensitivity.py,mixed_base,mixed,relative,OFF,OFF,K_max_total_tpy,537000.0,1.2,644400.0,tau_star,8.013671875,8.013671875,9.013671875,79748.34242120077,1017522071.2894967,797146.3062447718,1683.0701533135705,201574.62921070054,187647.57000904586,0.9978930792944765,rocket-dominant,YES,YES,YES,YES,Solve_Succeeded,OK
campaign_scale,run_bridge_sensitivity.py,mixed_base,mixed,relative,OFF,OFF,K_max_total_tpy,537000.0,1.2,644400.0,cost_opt,8.013671875,8.414355468847488,9.414355468847488,79734.92435463626,1017417865.9478594,796983.7250350108,1824.8272801832225,221222.12606905313,166004.50562783793,0.9977155636667956,rocket-dominant,YES,YES,YES,YES,Solve_Succeeded,OK
campaign_scale,run_bridge_sensitivity.py,mixed_base,mixed,relative,OFF,OFF,K_max_total_tpy,537000.0,1.5,805500.0,tau_star,8.013671875,8.013671875,9.013671875,79717.14014730745,1017298247.4759862,796755.2970897423,2077.3943151319713,250208.12237780142,232622.39440652437,0.997399462568966,rocket-dominant,YES,YES,YES,YES,Solve_Succeeded,OK
campaign_scale,run_bridge_sensitivity.py,mixed_base,mixed,relative,OFF,OFF,K_max_total_tpy,537000.0,1.5,805500.0,cost_opt,8.013671875,8.414355468848571,9.414355468848571,79700.7365288637,1017173347.9380661,796555.3644862871,2256.5677446687937,274901.36647463543,215120.15487215263,0.9971750950960803,rocket-dominant,YES,YES,YES,YES,Solve_Succeeded,OK
campaign_scale,run_bridge_sensitivity.py,mixed_base,mixed,relative,OFF,OFF,delta_eff,0.8714,0.6,0.52284,tau_star,8.013671875,8.013671875,9.013671875,79810.86052370472,1017969685.7471373,797930.9437197009,887.0039572075109,104290.36188752692,95213.62878974693,0.998889604371325,rocket-dominant,YES,YES,YES,YES,Solve_Succeeded,OK
campaign_scale,run_bridge_sensitivity.py,mixed_base,mixed,relative,OFF,OFF,delta_eff,0.8714,0.6,0.52284,cost_opt,8.013671875,8.414355468847644,9.414355468847644,79803.29636803525,1017905958.1743321,797841.3446477109,956.6717791587123,113870.72393961588,87211.77105183084,0.9988023608478173,rocket-dominant,YES,YES,YES,YES,Solve_Succeeded,OK
campaign_scale,run_bridge_sensitivity.py,mixed_base,mixed,relative,OFF,OFF,delta_eff,0.8714,0.8,0.69712,tau_star,8.013671875,8.013671875,9.013671875,79789.99077682775,1017820161.8001878,797668.7554649654,1154.0541777962483,136587.10117434387,126049.17306780719,0.9985553064285779,rocket-dominant,YES,YES,YES,YES,Solve_Succeeded,OK
campaign_scale,run_bridge_sensitivity.py,mixed_base,mixed,relative,OFF,OFF,delta_eff,0.8714,0.8,0.69712,cost_opt,8.013671875,8.41435546884947,9.41435546884947,79780.36893303043,1017742290.6921003,797553.3203761218,1249.9740277880271,149659.4500202983,129591.97686603069,0.9984351916966983,rocket-dominant,YES,YES,YES,YES,Solve_Succeeded,OK
campaign_scale,run_bridge_sensitivity.py,mixed_base,mixed,relative,OFF,OFF,delta_eff,0.8714,1.0,0.8714,tau_star,8.013671875,8.013671875,9.013671875,79769.15867387883,1017671279.274643,797407.3080810705,1419.2790015846483,169142.96028239856,156944.07963579855,0.9982232952376211,rocket-dominant,YES,YES,YES,YES,Solve_Succeeded,OK
campaign_scale,run_bridge_sensitivity.py,mixed_base,mixed,relative,OFF,OFF,delta_eff,0.8714,1.0,0.8714,cost_opt,8.013671875,8.414355468846258,9.414355468846258,79757.74984859531,1017581056.8668423,797269.8880675646,1535.734159386719,185434.60448669575,132179.55902994468,0.9980774620049552,rocket-dominant,YES,YES,YES,YES,Solve_Succeeded,OK
campaign_scale,run_bridge_sensitivity.py,mixed_base,mixed,relative,OFF,OFF,delta_eff,0.8714,1.2,0.999,tau_star,8.013671875,8.013671875,9.013671875,79753.919703641,1017562145.683325,797216.2266379464,1612.4403763773814,192929.2752868125,179192.55325156427,0.9979814941013522,rocket-dominant,YES,YES,YES,YES,Solve_Succeeded,OK
campaign_scale,run_bridge_sensitivity.py,mixed_base,mixed,relative,OFF,OFF,delta_eff,0.8714,1.2,0.999,cost_opt,8.013671875,8.414355468848633,9.414355468848633,79740.96486629815,1017460938.3560303,797059.3458071566,1748.8687697152864,211640.752766876,169404.7621149899,0.997810652497306,rocket-dominant,YES,YES,YES,YES,Solve_Succeeded,OK
campaign_scale,run_bridge_sensitivity.py,mixed_base,mixed,relative,OFF,OFF,delta_eff,0.8714,1.5,0.999,tau_star,8.013671875,8.013671875,9.013671875,79753.919703641,1017562145.683325,797216.2266379464,1612.4403763773814,192929.2752868125,179192.55325156427,0.9979814941013522,rocket-dominant,YES,YES,YES,YES,Solve_Succeeded,OK
campaign_scale,run_bridge_sensitivity.py,mixed_base,mixed,relative,OFF,OFF,delta_eff,0.8714,1.5,0.999,cost_opt,8.013671875,8.414355468848633,9.414355468848633,79740.96486629815,1017460938.3560303,797059.3458071566,1748.8687697152864,211640.752766876,169404.7621149899,0.997810652497306,rocket-dominant,YES,YES,YES,YES,Solve_Succeeded,OK
campaign_scale,run_bridge_sensitivity.py,mixed_base,mixed,relative,OFF,OFF,L_R_ton_per_launch,125.0,0.6,75.0,tau_star,13.27392578125,13.27392578125,14.27392578125,132600.2078931365,1692843255.9450276,1324726.8426818673,6370.244237370773,474960.8094149442,58711.94871576277,0.9952142903023592,rocket-dominant,YES,YES,YES,YES,Solve_Succeeded,OK
campaign_scale,run_bridge_sensitivity.py,mixed_base,mixed,relative,OFF,OFF,L_R_ton_per_launch,125.0,0.6,75.0,cost_opt,13.27392578125,13.937622070410082,14.937622070410082,132534.8002977826,1692293668.747631,1323908.7048192841,7189.7740942052515,537335.8803256729,327711.44337030104,0.9945986159490814,rocket-dominant,YES,YES,YES,YES,Solve_Succeeded,OK
campaign_scale,run_bridge_sensitivity.py,mixed_base,mixed,relative,OFF,OFF,L_R_ton_per_launch,125.0,0.8,100.0,tau_star,10.0106201171875,10.0106201171875,11.0106201171875,99632.14159865689,1271337176.7362337,995792.9797042948,2638.9714710498424,256795.22564266244,236381.18494938916,0.9973568839940036,rocket-dominant,YES,YES,YES,YES,Solve_Succeeded,OK
campaign_scale,run_bridge_sensitivity.py,mixed_base,mixed,relative,OFF,OFF,L_R_ton_per_launch,125.0,0.8,100.0,cost_opt,10.0106201171875,10.511151123143499,11.511151123143499,99609.30923424062,1271153176.3124266,995512.4615281966,2899.591748691547,284985.78853238956,193987.22325359393,0.9970957965309265,rocket-dominant,YES,YES,YES,YES,Solve_Succeeded,OK
campaign_scale,run_bridge_sensitivity.py,mixed_base,mixed,relative,OFF,OFF,L_R_ton_per_launch,125.0,1.0,125.0,tau_star,8.013671875,8.013671875,9.013671875,79769.15867387883,1017671279.274643,797407.3080810705,1419.2790015846483,169142.96028239856,156944.07963579855,0.9982232952376211,rocket-dominant,YES,YES,YES,YES,Solve_Succeeded,OK
campaign_scale,run_bridge_sensitivity.py,mixed_base,mixed,relative,OFF,OFF,L_R_ton_per_launch,125.0,1.0,125.0,cost_opt,8.013671875,8.414355468846258,9.414355468846258,79757.74984859531,1017581056.8668423,797269.8880675646,1535.734159386719,185434.60448669575,132179.55902994468,0.9980774620049552,rocket-dominant,YES,YES,YES,YES,Solve_Succeeded,OK
campaign_scale,run_bridge_sensitivity.py,mixed_base,mixed,relative,OFF,OFF,L_R_ton_per_launch,125.0,1.2,150.0,tau_star,6.6986083984375,6.6986083984375,7.6986083984375,66504.18567570299,848353460.4205945,664862.2902785366,896.2653868954698,125360.44567867702,115790.64587638741,0.9986537681276966,rocket-dominant,YES,YES,YES,YES,Solve_Succeeded,OK
campaign_scale,run_bridge_sensitivity.py,mixed_base,mixed,relative,OFF,OFF,L_R_ton_per_launch,125.0,1.2,150.0,cost_opt,6.6986083984375,7.033538818457624,8.033538818457625,66496.92878092919,848295269.0784327,664776.8420893814,960.5251050706759,136279.5585948429,109639.81758448896,0.998557201154085,rocket-dominant,YES,YES,YES,YES,Solve_Succeeded,OK
campaign_scale,run_bridge_sensitivity.py,mixed_base,mixed,relative,OFF,OFF,L_R_ton_per_launch,125.0,1.5,187.5,tau_star,5.3348388671875,5.3348388671875,6.3348388671875,53227.57429240385,678932970.5254996,532169.7803506502,528.6966977895895,89293.53220770886,80810.49777728754,0.9990075122783925,rocket-dominant,YES,YES,YES,YES,Solve_Succeeded,OK
campaign_scale,run_bridge_sensitivity.py,mixed_base,mixed,relative,OFF,OFF,L_R_ton_per_launch,125.0,1.5,187.5,cost_opt,5.3348388671875,5.601580810645486,6.601580810645486,53222.83522173672,678892106.7977815,532116.0683081822,560.2194148743832,96010.48407786996,79243.66273494429,0.9989482929355293,rocket-dominant,YES,YES,YES,YES,Solve_Succeeded,OK
campaign_scale,run_bridge_sensitivity.py,mixed_base,mixed,relative,OFF,OFF,gamma_env,0.0001,0.6,6e-05,tau_star,8.013671875,8.013671875,9.013671875,79769.15532985517,1017671070.3253372,797407.2798889956,1419.2537710942113,169062.13493779209,157062.6238242384,0.9982233267032438,rocket-dominant,YES,YES,YES,YES,Solve_Succeeded,OK
campaign_scale,run_bridge_sensitivity.py,mixed_base,mixed,relative,OFF,OFF,gamma_env,0.0001,0.6,6e-05,cost_opt,8.013671875,8.41435546884467,9.41435546884467,79757.73333808317,1017580889.5833639,797269.669631078,1536.0008711956723,185430.20585069375,135429.5948266796,0.9980771282329157,rocket-dominant,YES,YES,YES,YES,Solve_Succeeded,OK
campaign_scale,run_bridge_sensitivity.py,mixed_base,mixed,relative,OFF,OFF,gamma_env,0.0001,0.8,8e-05,tau_star,8.013671875,8.013671875,9.013671875,79769.16411522731,1017671648.0975668,797407.351897507,1419.33017477067,169287.92479928906,157019.18143803143,0.998223231388455,rocket-dominant,YES,YES,YES,YES,Solve_Succeeded,OK
campaign_scale,run_bridge_sensitivity.py,mixed_base,mixed,relative,OFF,OFF,gamma_env,0.0001,0.8,8e-05,cost_opt,8.013671875,8.414355468845784,9.414355468845784,79757.73814072469,1017580941.8461798,797269.7331655205,1535.9232925161139,185433.28925443653,134239.02254534708,0.9980772253174489,rocket-dominant,YES,YES,YES,YES,Solve_Succeeded,OK
campaign_scale,run_bridge_sensitivity.py,mixed_base,mixed,relative,OFF,OFF,gamma_env,0.0001,1.0,0.0001,tau_star,8.013671875,8.013671875,9.013671875,79769.15867387883,1017671279.274643,797407.3080810705,1419.2790015846483,169142.96028239856,156944.07963579855,0.9982232952376211,rocket-dominant,YES,YES,YES,YES,Solve_Succeeded,OK
campaign_scale,run_bridge_sensitivity.py,mixed_base,mixed,relative,OFF,OFF,gamma_env,0.0001,1.0,0.0001,cost_opt,8.013671875,8.414355468846258,9.414355468846258,79757.74984859531,1017581056.8668423,797269.8880675646,1535.734159386719,185434.60448669575,132179.55902994468,0.9980774620049552,rocket-dominant,YES,YES,YES,YES,Solve_Succeeded,OK
campaign_scale,run_bridge_sensitivity.py,mixed_base,mixed,relative,OFF,OFF,gamma_env,0.0001,1.2,0.00012,tau_star,8.013671875,8.013671875,9.013671875,79769.1548030864,1017671028.0708706,797407.2750999283,1419.2515978076822,169044.54972429725,157066.1675112667,0.9982233294083577,rocket-dominant,YES,YES,YES,YES,Solve_Succeeded,OK
campaign_scale,run_bridge_sensitivity.py,mixed_base,mixed,relative,OFF,OFF,gamma_env,0.0001,1.2,0.00012,cost_opt,8.013671875,8.414355468846606,9.414355468846606,79757.75643702122,1017581122.2727098,797269.9749849801,1535.6289816296467,185435.5625635465,131953.1596787704,0.998077593629784,rocket-dominant,YES,YES,YES,YES,Solve_Succeeded,OK
campaign_scale,run_bridge_sensitivity.py,mixed_base,mixed,relative,OFF,OFF,gamma_env,0.0001,1.5,0.00015000000000000001,tau_star,8.013671875,8.013671875,9.013671875,79769.1658384002,1017671823.9419377,797407.369917692,1419.3252632470349,169365.46420958082,156890.99517757975,0.9982232375660336,rocket-dominant,YES,YES,YES,YES,Solve_Succeeded,OK
campaign_scale,run_bridge_sensitivity.py,mixed_base,mixed,relative,OFF,OFF,gamma_env,0.0001,1.5,0.00015000000000000001,cost_opt,8.013671875,8.414355468848935,9.414355468848935,79757.64925579913,1017580167.3172175,797268.4943295498,1537.6731163020036,185442.07235272092,147521.76860943457,0.9980750359987597,rocket-dominant,YES,YES,YES,YES,Solve_Succeeded,OK
campaign_scale,run_bridge_sensitivity.py,mixed_base,mixed,relative,OFF,OFF,C_E_dollars_per_launch,100000000.0,0.6,60000000.0,tau_star,8.013671875,8.013671875,9.013671875,47872.86635063747,1017671279.2748079,797407.3080810959,1419.2790015817004,169142.9603494246,156944.07948266354,0.9982232952376248,rocket-dominant,YES,YES,YES,YES,Solve_Succeeded,OK
campaign_scale,run_bridge_sensitivity.py,mixed_base,mixed,relative,OFF,OFF,C_E_dollars_per_launch,100000000.0,0.6,60000000.0,cost_opt,8.013671875,8.414355468849243,9.414355468849243,47866.88781064458,1017579737.9959091,797267.7398814439,1538.8528512471123,185442.9320034523,156485.92167345746,0.9980735601517976,rocket-dominant,YES,YES,YES,YES,Solve_Succeeded,OK
campaign_scale,run_bridge_sensitivity.py,mixed_base,mixed,relative,OFF,OFF,C_E_dollars_per_launch,100000000.0,0.8,80000000.0,tau_star,8.013671875,8.013671875,9.013671875,63821.01251225783,1017671279.2746735,797407.3080810758,1419.2790015841756,169142.9602944491,156944.07959839923,0.9982232952376217,rocket-dominant,YES,YES,YES,YES,Solve_Succeeded,OK
campaign_scale,run_bridge_sensitivity.py,mixed_base,mixed,relative,OFF,OFF,C_E_dollars_per_launch,100000000.0,0.8,80000000.0,cost_opt,8.013671875,8.414355468846258,9.414355468846258,63812.35208722135,1017581056.8664958,797269.8880671281,1535.7341599992324,185434.60445397816,132179.5677321524,0.9980774620041889,rocket-dominant,YES,YES,YES,YES,Solve_Succeeded,OK
campaign_scale,run_bridge_sensitivity.py,mixed_base,mixed,relative,OFF,OFF,C_E_dollars_per_launch,100000000.0,1.0,100000000.0,tau_star,8.013671875,8.013671875,9.013671875,79769.15867387883,1017671279.274643,797407.3080810705,1419.2790015846483,169142.96028239856,156944.07963579855,0.9982232952376211,rocket-dominant,YES,YES,YES,YES,Solve_Succeeded,OK
campaign_scale,run_bridge_sensitivity.py,mixed_base,mixed,relative,OFF,OFF,C_E_dollars_per_launch,100000000.0,1.0,100000000.0,cost_opt,8.013671875,8.414355468846258,9.414355468846258,79757.74984859531,1017581056.8668423,797269.8880675646,1535.734159386719,185434.60448669575,132179.55902994468,0.9980774620049552,rocket-dominant,YES,YES,YES,YES,Solve_Succeeded,OK
campaign_scale,run_bridge_sensitivity.py,mixed_base,mixed,relative,OFF,OFF,C_E_dollars_per_launch,100000000.0,1.2,120000000.0,tau_star,8.013671875,8.013671875,9.013671875,95717.30483550316,1017671279.2748158,797407.3080810946,1419.279001586383,169142.960353087,156944.07948215795,0.998223295237619,rocket-dominant,YES,YES,YES,YES,Solve_Succeeded,OK
campaign_scale,run_bridge_sensitivity.py,mixed_base,mixed,relative,OFF,OFF,C_E_dollars_per_launch,100000000.0,1.2,120000000.0,cost_opt,8.013671875,8.414355468846258,9.414355468846258,95703.14760998642,1017581056.867187,797269.8880679972,1535.734158781687,185434.60451942653,132179.55035594056,0.9980774620057121,rocket-dominant,YES,YES,YES,YES,Solve_Succeeded,OK
campaign_scale,run_bridge_sensitivity.py,mixed_base,mixed,relative,OFF,OFF,C_E_dollars_per_launch,100000000.0,1.5,150000000.0,tau_star,8.013671875,8.013671875,9.013671875,119639.52407792157,1017671279.2741979,797407.3080809959,1419.2790016073607,169142.96010244585,156944.08005919345,0.9982232952375926,rocket-dominant,YES,YES,YES,YES,Solve_Succeeded,OK
campaign_scale,run_bridge_sensitivity.py,mixed_base,mixed,relative,OFF,OFF,C_E_dollars_per_launch,100000000.0,1.5,150000000.0,cost_opt,8.013671875,8.414355468846258,9.414355468846258,119621.24425210581,1017581056.8677081,797269.8880686471,1535.734157879716,185434.6045684994,132179.5373237851,0.9980774620068408,rocket-dominant,YES,YES,YES,YES,Solve_Succeeded,OK
campaign_scale,run_bridge_sensitivity.py,mixed_sefail,mixed,relative,ON,OFF,K_max_total_tpy,537000.0,0.6,322200.0,tau_star,8.013671875,8.013671875,9.013671875,79817.96513662406,1018020144.2934417,798020.2752577757,795.7166620631884,93110.42092468533,84189.4563575253,0.9990038799046189,rocket-dominant,YES,YES,YES,YES,Solve_Succeeded,OK
campaign_scale,run_bridge_sensitivity.py,mixed_sefail,mixed,relative,ON,OFF,K_max_total_tpy,537000.0,0.6,322200.0,cost_opt,8.013671875,8.41435546884874,9.41435546884874,79810.91625174254,1017960330.1485107,797936.9740604509,859.6683005841794,101918.74308647051,82573.66541773021,0.9989237958010899,rocket-dominant,YES,YES,YES,YES,Solve_Succeeded,OK
campaign_scale,run_bridge_sensitivity.py,mixed_sefail,mixed,relative,ON,OFF,K_max_total_tpy,537000.0,0.8,429600.0,tau_star,8.013671875,8.013671875,9.013671875,79799.4542602854,1017887985.6937923,797787.564587036,1033.3661661487756,121913.0352772461,112249.18468027127,0.99870638571629,rocket-dominant,YES,YES,YES,YES,Solve_Succeeded,OK
campaign_scale,run_bridge_sensitivity.py,mixed_sefail,mixed,relative,ON,OFF,K_max_total_tpy,537000.0,0.8,429600.0,cost_opt,8.013671875,8.414355468848465,9.414355468848465,79790.66431472977,1017816057.1111224,797682.6376524561,1118.3560123414456,133716.94934359303,107246.27366797609,0.9985999566585282,rocket-dominant,YES,YES,YES,YES,Solve_Succeeded,OK
campaign_scale,run_bridge_sensitivity.py,mixed_sefail,mixed,relative,ON,OFF,K_max_total_tpy,537000.0,1.0,537000.0,tau_star,8.013671875,8.013671875,9.013671875,79780.97448144824,1017755562.4748545,797555.5952852343,1268.86521411714,150594.56991404263,139145.7004666356,0.9984115844257899,rocket-dominant,YES,YES,YES,YES,Solve_Succeeded,OK
campaign_scale,run_bridge_sensitivity.py,mixed_sefail,mixed,relative,ON,OFF,K_max_total_tpy,537000.0,1.0,537000.0,cost_opt,8.013671875,8.414355468847182,9.414355468847182,79770.48246432489,1017672201.1782467,797429.4854320249,1374.6271496506035,165512.5175361806,124126.88866378216,0.998279143624827,rocket-dominant,YES,YES,YES,YES,Solve_Succeeded,OK
campaign_scale,run_bridge_sensitivity.py,mixed_sefail,mixed,relative,ON,OFF,K_max_total_tpy,537000.0,1.2,644400.0,tau_star,8.013671875,8.013671875,9.013671875,79762.51162919878,1017623408.0754677,797323.9753441085,1503.462355322097,179390.7259172135,165565.6235686744,0.9981179134762171,rocket-dominant,YES,YES,YES,YES,Solve_Succeeded,OK
campaign_scale,run_bridge_sensitivity.py,mixed_sefail,mixed,relative,ON,OFF,K_max_total_tpy,537000.0,1.2,644400.0,cost_opt,8.013671875,8.414355468848983,9.414355468848983,79750.16155280855,1017526960.8676463,797174.5617098295,1632.802631885091,197316.75163272824,162205.70521129132,0.9979559494506781,rocket-dominant,YES,YES,YES,YES,Solve_Succeeded,OK
campaign_scale,run_bridge_sensitivity.py,mixed_sefail,mixed,relative,ON,OFF,K_max_total_tpy,537000.0,1.5,805500.0,tau_star,8.013671875,8.013671875,9.013671875,79734.84878900537,1017425762.6788741,796977.1630659007,1853.8387938105586,222826.1563180116,205058.89792525998,0.9976793104054615,rocket-dominant,YES,YES,YES,YES,Solve_Succeeded,OK
campaign_scale,run_bridge_sensitivity.py,mixed_sefail,mixed,relative,ON,OFF,K_max_total_tpy,537000.0,1.5,805500.0,cost_opt,8.013671875,8.414355468846056,9.414355468846056,79719.98659661664,1017311658.9317468,796796.5907219808,2013.3136295031059,245007.3139724378,170055.8891613672,0.9974796085795435,rocket-dominant,YES,YES,YES,YES,Solve_Succeeded,OK
campaign_scale,run_bridge_sensitivity.py,mixed_sefail,mixed,relative,ON,OFF,delta_eff,0.8714,0.6,0.52284,tau_star,8.013671875,8.013671875,9.013671875,79817.96518287068,1018020161.4892126,798020.2754668456,795.7178265116239,93118.62352705732,84189.8098565318,0.9990038784486137,rocket-dominant,YES,YES,YES,YES,Solve_Succeeded,OK
campaign_scale,run_bridge_sensitivity.py,mixed_sefail,mixed,relative,ON,OFF,delta_eff,0.8714,0.6,0.52284,cost_opt,8.013671875,8.414355468848488,9.414355468848488,79810.93074332463,1017960458.7288684,797937.1752762484,859.3868088151077,101918.09384244746,81316.74091200177,0.9989241480877536,rocket-dominant,YES,YES,YES,YES,Solve_Succeeded,OK
campaign_scale,run_bridge_sensitivity.py,mixed_sefail,mixed,relative,ON,OFF,delta_eff,0.8714,0.8,0.69712,tau_star,8.013671875,8.013671875,9.013671875,79799.45604105787,1017888068.5106375,797787.5779011741,1033.3882847821942,121940.97924430463,112266.90263696937,0.9987063580845703,rocket-dominant,YES,YES,YES,YES,Solve_Succeeded,OK
campaign_scale,run_bridge_sensitivity.py,mixed_sefail,mixed,relative,ON,OFF,delta_eff,0.8714,0.8,0.69712,cost_opt,8.013671875,8.414355468845173,9.414355468845173,79790.83011840661,1017817549.9820024,797684.9139058777,1115.2650441790877,133707.74106389005,90397.12136724865,0.9986038247441995,rocket-dominant,YES,YES,YES,YES,Solve_Succeeded,OK
campaign_scale,run_bridge_sensitivity.py,mixed_sefail,mixed,relative,ON,OFF,delta_eff,0.8714,1.0,0.8714,tau_star,8.013671875,8.013671875,9.013671875,79780.97448144824,1017755562.4748545,797555.5952852343,1268.86521411714,150594.56991404263,139145.7004666356,0.9984115844257899,rocket-dominant,YES,YES,YES,YES,Solve_Succeeded,OK
campaign_scale,run_bridge_sensitivity.py,mixed_sefail,mixed,relative,ON,OFF,delta_eff,0.8714,1.0,0.8714,cost_opt,8.013671875,8.414355468847182,9.414355468847182,79770.48246432489,1017672201.1782467,797429.4854320249,1374.6271496506035,165512.5175361806,124126.88866378216,0.998279143624827,rocket-dominant,YES,YES,YES,YES,Solve_Succeeded,OK
campaign_scale,run_bridge_sensitivity.py,mixed_sefail,mixed,relative,ON,OFF,delta_eff,0.8714,1.2,0.999,tau_star,8.013671875,8.013671875,9.013671875,79767.46664114705,1017659710.9002639,797386.0561289068,1440.9008882176952,172041.96810487122,158498.3147347832,0.9981962290136049,rocket-dominant,YES,YES,YES,YES,Solve_Succeeded,OK
campaign_scale,run_bridge_sensitivity.py,mixed_sefail,mixed,relative,ON,OFF,delta_eff,0.8714,1.2,0.999,cost_opt,8.013671875,8.414355468846553,9.414355468846553,79755.70082625884,1017566723.6784639,797244.1726724692,1561.8180418314614,188792.7011207522,136811.27338518956,0.9980448093029011,rocket-dominant,YES,YES,YES,YES,Solve_Succeeded,OK
campaign_scale,run_bridge_sensitivity.py,mixed_sefail,mixed,relative,ON,OFF,delta_eff,0.8714,1.5,0.999,tau_star,8.013671875,8.013671875,9.013671875,79767.46664114705,1017659710.9002639,797386.0561289068,1440.9008882176952,172041.96810487122,158498.3147347832,0.9981962290136049,rocket-dominant,YES,YES,YES,YES,Solve_Succeeded,OK
campaign_scale,run_bridge_sensitivity.py,mixed_sefail,mixed,relative,ON,OFF,delta_eff,0.8714,1.5,0.999,cost_opt,8.013671875,8.414355468846553,9.414355468846553,79755.70082625884,1017566723.6784639,797244.1726724692,1561.8180418314614,188792.7011207522,136811.27338518956,0.9980448093029011,rocket-dominant,YES,YES,YES,YES,Solve_Succeeded,OK
campaign_scale,run_bridge_sensitivity.py,mixed_sefail,mixed,relative,ON,OFF,L_R_ton_per_launch,125.0,0.6,75.0,tau_star,13.3226318359375,13.3226318359375,14.3226318359375,132642.79639621513,1693204698.7672362,1325255.0915401517,5858.937515173637,433967.5858572596,376332.10942061397,0.9955984706138725,rocket-dominant,YES,YES,YES,YES,Solve_Succeeded,OK
campaign_scale,run_bridge_sensitivity.py,mixed_sefail,mixed,relative,ON,OFF,L_R_ton_per_launch,125.0,0.6,75.0,cost_opt,13.3226318359375,13.98876342782951,14.98876342782951,132582.86870431475,1692698885.2045608,1324510.1765414798,6586.399192854608,492265.2386947493,276421.0316590845,0.995051899829867,rocket-dominant,YES,YES,YES,YES,Solve_Succeeded,OK
campaign_scale,run_bridge_sensitivity.py,mixed_sefail,mixed,relative,ON,OFF,L_R_ton_per_launch,125.0,0.8,100.0,tau_star,10.0106201171875,10.0106201171875,11.0106201171875,99653.48123977132,1271503159.428289,996060.2440606453,2369.9675424839434,229931.4284242156,210559.9700750196,0.9976263062606263,rocket-dominant,YES,YES,YES,YES,Solve_Succeeded,OK
campaign_scale,run_bridge_sensitivity.py,mixed_sefail,mixed,relative,ON,OFF,L_R_ton_per_launch,125.0,0.8,100.0,cost_opt,10.0106201171875,10.511151123143385,11.511151123143385,99632.55849835754,1271334548.0134408,995803.5168212572,2607.1417473413658,255925.14001715207,175544.9140816757,0.9973887080181223,rocket-dominant,YES,YES,YES,YES,Solve_Succeeded,OK
campaign_scale,run_bridge_sensitivity.py,mixed_sefail,mixed,relative,ON,OFF,L_R_ton_per_launch,125.0,1.0,125.0,tau_star,8.013671875,8.013671875,9.013671875,79780.97448144824,1017755562.4748545,797555.5952852343,1268.86521411714,150594.56991404263,139145.7004666356,0.9984115844257899,rocket-dominant,YES,YES,YES,YES,Solve_Succeeded,OK
campaign_scale,run_bridge_sensitivity.py,mixed_sefail,mixed,relative,ON,OFF,L_R_ton_per_launch,125.0,1.0,125.0,cost_opt,8.013671875,8.414355468847182,9.414355468847182,79770.48246432489,1017672201.1782467,797429.4854320249,1374.6271496506035,165512.5175361806,124126.88866378216,0.998279143624827,rocket-dominant,YES,YES,YES,YES,Solve_Succeeded,OK
campaign_scale,run_bridge_sensitivity.py,mixed_sefail,mixed,relative,ON,OFF,L_R_ton_per_launch,125.0,1.2,150.0,tau_star,6.6986083984375,6.6986083984375,7.6986083984375,66511.68560464727,848402683.4820259,664956.649651125,799.6374873162898,111559.15377452025,102185.16244432889,0.9987989035886491,rocket-dominant,YES,YES,YES,YES,Solve_Succeeded,OK
campaign_scale,run_bridge_sensitivity.py,mixed_sefail,mixed,relative,ON,OFF,L_R_ton_per_launch,125.0,1.2,150.0,cost_opt,6.6986083984375,7.033538818458407,8.033538818458407,66504.93738199414,848347411.2049756,664877.4321398983,858.1927847567662,121249.23673241951,102013.2605088029,0.9987109105287044,rocket-dominant,YES,YES,YES,YES,Solve_Succeeded,OK
campaign_scale,run_bridge_sensitivity.py,mixed_sefail,mixed,relative,ON,OFF,L_R_ton_per_launch,125.0,1.5,187.5,tau_star,5.3348388671875,5.3348388671875,6.3348388671875,53231.9012511066,678956620.6390784,532224.4735752165,471.7062478779496,79074.50956612072,71287.21329487683,0.9991144929028127,rocket-dominant,YES,YES,YES,YES,Solve_Succeeded,OK
campaign_scale,run_bridge_sensitivity.py,mixed_sefail,mixed,relative,ON,OFF,L_R_ton_per_launch,125.0,1.5,187.5,cost_opt,5.3348388671875,5.601580810645996,6.601580810645996,53227.461873045446,678917914.3576686,532174.3585908948,500.2350642017651,85250.68769345962,71469.17011658054,0.9990608993367428,rocket-dominant,YES,YES,YES,YES,Solve_Succeeded,OK
campaign_scale,run_bridge_sensitivity.py,mixed_sefail,mixed,relative,ON,OFF,gamma_env,0.0001,0.6,6e-05,tau_star,8.013671875,8.013671875,9.013671875,79780.97823324535,1017755869.1333627,797555.6266884353,1268.8942031273516,150721.35710022534,139185.92292432088,0.9984115482562914,rocket-dominant,YES,YES,YES,YES,Solve_Succeeded,OK
campaign_scale,run_bridge_sensitivity.py,mixed_sefail,mixed,relative,ON,OFF,gamma_env,0.0001,0.6,6e-05,cost_opt,8.013671875,8.41435546884554,9.41435546884554,79770.47828059648,1017672158.6521206,797429.4231580925,1374.729389986737,165507.95002929805,124854.60259477714,0.9982790157191829,rocket-dominant,YES,YES,YES,YES,Solve_Succeeded,OK
campaign_scale,run_bridge_sensitivity.py,mixed_sefail,mixed,relative,ON,OFF,gamma_env,0.0001,0.8,8e-05,tau_star,8.013671875,8.013671875,9.013671875,79780.97831583532,1017755865.1136398,797555.6271403912,1268.8961069258721,150718.6307621967,139117.28331663113,0.9984115458777258,rocket-dominant,YES,YES,YES,YES,Solve_Succeeded,OK
campaign_scale,run_bridge_sensitivity.py,mixed_sefail,mixed,relative,ON,OFF,gamma_env,0.0001,0.8,8e-05,cost_opt,8.013671875,8.414355468845995,9.414355468845995,79770.49997076966,1017672370.999546,797429.7085238025,1374.3870541127098,165509.228673649,120986.93935373212,0.9982794441569326,rocket-dominant,YES,YES,YES,YES,Solve_Succeeded,OK
campaign_scale,run_bridge_sensitivity.py,mixed_sefail,mixed,relative,ON,OFF,gamma_env,0.0001,1.0,0.0001,tau_star,8.013671875,8.013671875,9.013671875,79780.97448144824,1017755562.4748545,797555.5952852343,1268.86521411714,150594.56991404263,139145.7004666356,0.9984115844257899,rocket-dominant,YES,YES,YES,YES,Solve_Succeeded,OK
campaign_scale,run_bridge_sensitivity.py,mixed_sefail,mixed,relative,ON,OFF,gamma_env,0.0001,1.0,0.0001,cost_opt,8.013671875,8.414355468847182,9.414355468847182,79770.48246432489,1017672201.1782467,797429.4854320249,1374.6271496506035,165512.5175361806,124126.88866378216,0.998279143624827,rocket-dominant,YES,YES,YES,YES,Solve_Succeeded,OK
campaign_scale,run_bridge_sensitivity.py,mixed_sefail,mixed,relative,ON,OFF,gamma_env,0.0001,1.2,0.00012,tau_star,8.013671875,8.013671875,9.013671875,79780.97808419944,1017755847.1200192,797555.625871925,1268.8909553255355,150711.60170906383,139112.9874257586,0.9984115523139359,rocket-dominant,YES,YES,YES,YES,Solve_Succeeded,OK
campaign_scale,run_bridge_sensitivity.py,mixed_sefail,mixed,relative,ON,OFF,gamma_env,0.0001,1.2,0.00012,cost_opt,8.013671875,8.414355468846665,9.414355468846665,79770.53657509237,1017672728.922044,797430.1899106145,1373.8103131385415,165511.07254903208,116925.34802089098,0.9982801659571638,rocket-dominant,YES,YES,YES,YES,Solve_Succeeded,OK
campaign_scale,run_bridge_sensitivity.py,mixed_sefail,mixed,relative,ON,OFF,gamma_env,0.0001,1.5,0.00015000000000000001,tau_star,8.013671875,8.013671875,9.013671875,79780.97696111865,1017755788.015481,797555.6187484559,1268.8706742293436,150691.15389822985,139136.10939784243,0.9984115776481185,rocket-dominant,YES,YES,YES,YES,Solve_Succeeded,OK
campaign_scale,run_bridge_sensitivity.py,mixed_sefail,mixed,relative,ON,OFF,gamma_env,0.0001,1.5,0.00015000000000000001,cost_opt,8.013671875,8.414355468848743,9.414355468848743,79770.44257592029,1017671843.2252051,797428.9409985899,1375.3548419831618,165516.88655529346,129108.56683034371,0.9982782330426304,rocket-dominant,YES,YES,YES,YES,Solve_Succeeded,OK
campaign_scale,run_bridge_sensitivity.py,mixed_sefail,mixed,relative,ON,OFF,C_E_dollars_per_launch,100000000.0,0.6,60000000.0,tau_star,8.013671875,8.013671875,9.013671875,47878.75067003883,1017755562.4748454,797555.5952852353,1268.8652141121227,150594.56991004388,139145.70046590903,0.9984115844257963,rocket-dominant,YES,YES,YES,YES,Solve_Succeeded,OK
campaign_scale,run_bridge_sensitivity.py,mixed_sefail,mixed,relative,ON,OFF,C_E_dollars_per_launch,100000000.0,0.6,60000000.0,cost_opt,8.013671875,8.414355468849113,9.414355468849113,47873.25748942488,1017671293.144582,797428.0689234333,1376.5987269441864,165517.92003994723,138412.1317523609,0.99827667666115,rocket-dominant,YES,YES,YES,YES,Solve_Succeeded,OK
campaign_scale,run_bridge_sensitivity.py,mixed_sefail,mixed,relative,ON,OFF,C_E_dollars_per_launch,100000000.0,0.8,80000000.0,tau_star,8.013671875,8.013671875,9.013671875,63829.86257574361,1017755562.4748504,797555.5952852366,1268.8652141103614,150594.56991206654,139145.70046613025,0.9984115844257984,rocket-dominant,YES,YES,YES,YES,Solve_Succeeded,OK
campaign_scale,run_bridge_sensitivity.py,mixed_sefail,mixed,relative,ON,OFF,C_E_dollars_per_launch,100000000.0,0.8,80000000.0,cost_opt,8.013671875,8.414355468847182,9.414355468847182,63821.892755579116,1017672201.1769074,797429.4854299992,1374.6271524896626,165512.51751907452,124126.90949061122,0.9982791436212747,rocket-dominant,YES,YES,YES,YES,Solve_Succeeded,OK
campaign_scale,run_bridge_sensitivity.py,mixed_sefail,mixed,relative,ON,OFF,C_E_dollars_per_launch,100000000.0,1.0,100000000.0,tau_star,8.013671875,8.013671875,9.013671875,79780.97448144824,1017755562.4748545,797555.5952852343,1268.86521411714,150594.56991404263,139145.7004666356,0.9984115844257899,rocket-dominant,YES,YES,YES,YES,Solve_Succeeded,OK
campaign_scale,run_bridge_sensitivity.py,mixed_sefail,mixed,relative,ON,OFF,C_E_dollars_per_launch,100000000.0,1.0,100000000.0,cost_opt,8.013671875,8.414355468847182,9.414355468847182,79770.48246432489,1017672201.1782467,797429.4854320249,1374.6271496506035,165512.5175361806,124126.88866378216,0.998279143624827,rocket-dominant,YES,YES,YES,YES,Solve_Succeeded,OK
campaign_scale,run_bridge_sensitivity.py,mixed_sefail,mixed,relative,ON,OFF,C_E_dollars_per_launch,100000000.0,1.2,120000000.0,tau_star,8.013671875,8.013671875,9.013671875,95732.0863871531,1017755562.4748604,797555.5952852358,1268.8652141166447,150594.56991608875,139145.70046685237,0.9984115844257906,rocket-dominant,YES,YES,YES,YES,Solve_Succeeded,OK
campaign_scale,run_bridge_sensitivity.py,mixed_sefail,mixed,relative,ON,OFF,C_E_dollars_per_launch,100000000.0,1.2,120000000.0,cost_opt,8.013671875,8.414355468847182,9.414355468847182,95719.0721731516,1017672201.1795853,797429.4854340497,1374.6271468121831,165512.5175532946,124126.86787285651,0.9982791436283786,rocket-dominant,YES,YES,YES,YES,Solve_Succeeded,OK
campaign_scale,run_bridge_sensitivity.py,mixed_sefail,mixed,relative,ON,OFF,C_E_dollars_per_launch,100000000.0,1.5,150000000.0,tau_star,8.013671875,8.013671875,9.013671875,119658.75424571028,1017755562.4748683,797555.5952852359,1268.8652141202685,150594.56991915943,139145.70046729982,0.998411584425786,rocket-dominant,YES,YES,YES,YES,Solve_Succeeded,OK
campaign_scale,run_bridge_sensitivity.py,mixed_sefail,mixed,relative,ON,OFF,C_E_dollars_per_launch,100000000.0,1.5,150000000.0,cost_opt,8.013671875,8.414355468847182,9.414355468847182,119641.95673654461,1017672201.1815989,797429.4854370961,1374.6271425408756,165512.5175789235,124126.83657394644,0.998279143633723,rocket-dominant,YES,YES,YES,YES,Solve_Succeeded,OK
campaign_scale,run_bridge_sensitivity.py,mixed_rocketfail,mixed,relative,OFF,ON,K_max_total_tpy,537000.0,0.6,322200.0,tau_star,8.4520263671875,8.4520263671875,9.4520263671875,83686.7675282337,1067412954.8063045,836684.204182685,915.9278298223971,114213.47498046447,33011.07534994354,0.9989064855713171,rocket-dominant,YES,YES,YES,YES,Solve_Succeeded,OK
campaign_scale,run_bridge_sensitivity.py,mixed_rocketfail,mixed,relative,OFF,ON,K_max_total_tpy,537000.0,0.6,322200.0,cost_opt,8.4520263671875,8.8746276856433,9.8746276856433,82445.23820428408,1051631868.9507778,824241.937283437,1050.657528102137,125301.5133748265,102390.20770316377,0.9987269272319812,rocket-dominant,YES,YES,YES,YES,Solve_Succeeded,OK
campaign_scale,run_bridge_sensitivity.py,mixed_rocketfail,mixed,relative,OFF,ON,K_max_total_tpy,537000.0,0.8,429600.0,tau_star,8.4520263671875,8.4520263671875,9.4520263671875,83640.23697132303,1066947177.6323959,836161.4175449136,1202.885392609041,150035.91797860336,42913.45725707507,0.998563486181117,rocket-dominant,YES,YES,YES,YES,Solve_Succeeded,OK
campaign_scale,run_bridge_sensitivity.py,mixed_rocketfail,mixed,relative,OFF,ON,K_max_total_tpy,537000.0,0.8,429600.0,cost_opt,8.4520263671875,8.874627685645152,9.874627685645152,82419.12402540204,1051440789.4400012,823916.2839848325,1372.7200751549315,164901.66276005685,141165.22242342762,0.9983366795529786,rocket-dominant,YES,YES,YES,YES,Solve_Succeeded,OK
campaign_scale,run_bridge_sensitivity.py,mixed_rocketfail,mixed,relative,OFF,ON,K_max_total_tpy,537000.0,1.0,537000.0,tau_star,8.4520263671875,8.4520263671875,9.4520263671875,83593.85859844048,1066483338.5713665,835640.151222268,1489.850604490091,185856.49547709565,52668.35217283151,0.9982202876479889,rocket-dominant,YES,YES,YES,YES,Solve_Succeeded,OK
campaign_scale,run_bridge_sensitivity.py,mixed_rocketfail,mixed,relative,OFF,ON,K_max_total_tpy,537000.0,1.0,537000.0,cost_opt,8.4520263671875,8.874627685645985,9.874627685645985,82393.06578364663,1051250032.4752777,823591.5858411711,1692.8037336777313,204499.42381470848,179629.4024021532,0.9979488237569236,rocket-dominant,YES,YES,YES,YES,Solve_Succeeded,OK
campaign_scale,run_bridge_sensitivity.py,mixed_rocketfail,mixed,relative,OFF,ON,K_max_total_tpy,537000.0,1.2,644400.0,tau_star,8.4033203125,8.4033203125,9.4033203125,83929.61151303773,1070883423.7015445,838943.9095243532,1758.2860906382527,219355.15860348596,62874.32983928036,0.9979085506142255,rocket-dominant,YES,YES,YES,YES,Solve_Succeeded,OK
campaign_scale,run_bridge_sensitivity.py,mixed_rocketfail,mixed,relative,OFF,ON,K_max_total_tpy,537000.0,1.2,644400.0,cost_opt,8.4033203125,8.823486328221179,9.823486328221179,82372.01202295613,1051113229.1374058,823321.6437638055,1989.3640818934036,241459.7508508392,195158.0944843945,0.9975895582841113,rocket-dominant,YES,YES,YES,YES,Solve_Succeeded,OK
campaign_scale,run_bridge_sensitivity.py,mixed_rocketfail,mixed,relative,OFF,ON,K_max_total_tpy,537000.0,1.5,805500.0,tau_star,8.4033203125,8.4033203125,9.4033203125,83856.15590305885,1070136099.0430572,838124.0566727959,2184.105041985801,272539.75817438716,76959.72123129958,0.9974008284799606,rocket-dominant,YES,YES,YES,YES,Solve_Succeeded,OK
campaign_scale,run_bridge_sensitivity.py,mixed_rocketfail,mixed,relative,OFF,ON,K_max_total_tpy,537000.0,1.5,805500.0,cost_opt,8.4033203125,8.823486328221657,9.823486328221657,82333.44333757038,1050830651.3408602,822841.569557853,2460.5666194044775,300197.5879327583,242646.2247367614,0.9970185868767992,rocket-dominant,YES,YES,YES,YES,Solve_Succeeded,OK
campaign_scale,run_bridge_sensitivity.py,mixed_rocketfail,mixed,relative,OFF,ON,delta_eff,0.8714,0.6,0.52284,tau_star,8.4520263671875,8.4520263671875,9.4520263671875,83686.76756156549,1067412975.4969769,836684.2044811404,915.9278773304278,114223.61936207903,33011.075328791005,0.9989064855150495,rocket-dominant,YES,YES,YES,YES,Solve_Succeeded,OK
campaign_scale,run_bridge_sensitivity.py,mixed_rocketfail,mixed,relative,OFF,ON,delta_eff,0.8714,0.6,0.52284,cost_opt,8.4520263671875,8.874627685642114,9.874627685642114,82445.29957781633,1051632532.3802242,824242.6663718423,1050.0808041417783,125298.19713085561,97622.02439907654,0.9987276262783903,rocket-dominant,YES,YES,YES,YES,Solve_Succeeded,OK
campaign_scale,run_bridge_sensitivity.py,mixed_rocketfail,mixed,relative,OFF,ON,delta_eff,0.8714,0.8,0.69712,tau_star,8.4520263671875,8.4520263671875,9.4520263671875,83640.23884525316,1066947313.6774746,836161.4310377145,1202.9109542414153,150089.58749000035,42913.574082480074,0.9985634557218189,rocket-dominant,YES,YES,YES,YES,Solve_Succeeded,OK
campaign_scale,run_bridge_sensitivity.py,mixed_rocketfail,mixed,relative,OFF,ON,delta_eff,0.8714,0.8,0.69712,cost_opt,8.4520263671875,8.874627685645164,9.874627685645164,82419.11887039618,1051440737.2941879,823916.218564593,1372.7894257022292,164901.69138292468,141575.61749115915,0.9983365955290678,rocket-dominant,YES,YES,YES,YES,Solve_Succeeded,OK
campaign_scale,run_bridge_sensitivity.py,mixed_rocketfail,mixed,relative,OFF,ON,delta_eff,0.8714,1.0,0.8714,tau_star,8.4520263671875,8.4520263671875,9.4520263671875,83593.85859844048,1066483338.5713665,835640.151222268,1489.850604490091,185856.49547709565,52668.35217283151,0.9982202876479889,rocket-dominant,YES,YES,YES,YES,Solve_Succeeded,OK
campaign_scale,run_bridge_sensitivity.py,mixed_rocketfail,mixed,relative,OFF,ON,delta_eff,0.8714,1.0,0.8714,cost_opt,8.4520263671875,8.874627685645985,9.874627685645985,82393.06578364663,1051250032.4752777,823591.5858411711,1692.8037336777313,204499.42381470848,179629.4024021532,0.9979488237569236,rocket-dominant,YES,YES,YES,YES,Solve_Succeeded,OK
campaign_scale,run_bridge_sensitivity.py,mixed_rocketfail,mixed,relative,OFF,ON,delta_eff,0.8714,1.2,0.999,tau_star,8.4520263671875,8.4520263671875,9.4520263671875,83559.90292438853,1066143767.6688714,835258.5076924177,1699.9565704351646,212094.95217137312,59670.09796153479,0.9979688877727853,rocket-dominant,YES,YES,YES,YES,Solve_Succeeded,OK
campaign_scale,run_bridge_sensitivity.py,mixed_rocketfail,mixed,relative,OFF,ON,delta_eff,0.8714,1.2,0.999,cost_opt,8.4520263671875,8.874627685642873,9.874627685642873,82374.14860569799,1051111940.6482161,823355.9501315843,1924.7611161771997,233480.86408319112,187980.51290694805,0.9976677497850797,rocket-dominant,YES,YES,YES,YES,Solve_Succeeded,OK
campaign_scale,run_bridge_sensitivity.py,mixed_rocketfail,mixed,relative,OFF,ON,delta_eff,0.8714,1.5,0.999,tau_star,8.4520263671875,8.4520263671875,9.4520263671875,83559.90292438853,1066143767.6688714,835258.5076924177,1699.9565704351646,212094.95217137312,59670.09796153479,0.9979688877727853,rocket-dominant,YES,YES,YES,YES,Solve_Succeeded,OK
campaign_scale,run_bridge_sensitivity.py,mixed_rocketfail,mixed,relative,OFF,ON,delta_eff,0.8714,1.5,0.999,cost_opt,8.4520263671875,8.874627685642873,9.874627685642873,82374.14860569799,1051111940.6482161,823355.9501315843,1924.7611161771997,233480.86408319112,187980.51290694805,0.9976677497850797,rocket-dominant,YES,YES,YES,YES,Solve_Succeeded,OK
campaign_scale,run_bridge_sensitivity.py,mixed_rocketfail,mixed,relative,OFF,ON,L_R_ton_per_launch,125.0,0.6,75.0,tau_star,14.0045166015625,14.0045166015625,15.0045166015625,139110.791109637,1776145626.2575066,1389665.6671909376,7204.47022097963,539944.4948103708,107363.55951940468,0.9948424194719147,rocket-dominant,YES,YES,YES,YES,Solve_Succeeded,OK
campaign_scale,run_bridge_sensitivity.py,mixed_rocketfail,mixed,relative,OFF,ON,L_R_ton_per_launch,125.0,0.6,75.0,cost_opt,14.0045166015625,14.704742431736816,15.704742431736816,136522.9111372236,1743491498.4078946,1363587.420246325,8200.785729457697,613592.0077871644,378368.0448163618,0.9940218280826928,rocket-dominant,YES,YES,YES,YES,Solve_Succeeded,OK
campaign_scale,run_bridge_sensitivity.py,mixed_rocketfail,mixed,relative,OFF,ON,L_R_ton_per_launch,125.0,0.8,100.0,tau_star,10.4976806640625,10.4976806640625,11.4976806640625,104847.2953693388,1337918709.0158045,1047906.5330076453,2828.5720411349153,282511.0062730712,69982.80047408953,0.997308006530339,rocket-dominant,YES,YES,YES,YES,Solve_Succeeded,OK
campaign_scale,run_bridge_sensitivity.py,mixed_rocketfail,mixed,relative,OFF,ON,L_R_ton_per_launch,125.0,0.8,100.0,cost_opt,10.4976806640625,11.022564697363146,12.022564697363146,102770.44748661024,1311575807.426498,1027063.6548798013,3200.1650992540835,314786.58004343306,249760.3660934746,0.9968938391922574,rocket-dominant,YES,YES,YES,YES,Solve_Succeeded,OK
campaign_scale,run_bridge_sensitivity.py,mixed_rocketfail,mixed,relative,OFF,ON,L_R_ton_per_launch,125.0,1.0,125.0,tau_star,8.4520263671875,8.4520263671875,9.4520263671875,83593.85859844048,1066483338.5713665,835640.151222268,1489.850604490091,185856.49547709565,52668.35217283151,0.9982202876479889,rocket-dominant,YES,YES,YES,YES,Solve_Succeeded,OK
campaign_scale,run_bridge_sensitivity.py,mixed_rocketfail,mixed,relative,OFF,ON,L_R_ton_per_launch,125.0,1.0,125.0,cost_opt,8.4520263671875,8.874627685645985,9.874627685645985,82393.06578364663,1051250032.4752777,823591.5858411711,1692.8037336777313,204499.42381470848,179629.4024021532,0.9979488237569236,rocket-dominant,YES,YES,YES,YES,Solve_Succeeded,OK
campaign_scale,run_bridge_sensitivity.py,mixed_rocketfail,mixed,relative,OFF,ON,L_R_ton_per_launch,125.0,1.2,150.0,tau_star,7.03955078125,7.03955078125,8.03955078125,69767.55927403855,889984313.9062884,697493.8146738884,907.1936885026457,135731.518627199,43643.16148766076,0.998701041840375,rocket-dominant,YES,YES,YES,YES,Solve_Succeeded,OK
campaign_scale,run_bridge_sensitivity.py,mixed_rocketfail,mixed,relative,OFF,ON,L_R_ton_per_launch,125.0,1.2,150.0,cost_opt,7.03955078125,7.391528320410881,8.391528320410881,68780.98301401928,877456093.4573379,687601.1579946771,1041.5111212683107,147968.5047768063,128451.90233941858,0.9984875884577333,rocket-dominant,YES,YES,YES,YES,Solve_Succeeded,OK
campaign_scale,run_bridge_sensitivity.py,mixed_rocketfail,mixed,relative,OFF,ON,L_R_ton_per_launch,125.0,1.5,187.5,tau_star,5.6270751953125,5.6270751953125,6.6270751953125,55904.227807402305,713071303.1329846,558939.1029923265,514.6732594140743,96171.925515974,35835.474964306646,0.9990800432828209,rocket-dominant,YES,YES,YES,YES,Solve_Succeeded,OK
campaign_scale,run_bridge_sensitivity.py,mixed_rocketfail,mixed,relative,OFF,ON,L_R_ton_per_launch,125.0,1.5,187.5,cost_opt,5.6270751953125,5.9084289551768325,6.9084289551768325,55147.973801599,703461860.7188327,551358.6187768651,604.2981480510698,103843.80585337408,91594.98458080422,0.9989051834289563,rocket-dominant,YES,YES,YES,YES,Solve_Succeeded,OK
campaign_scale,run_bridge_sensitivity.py,mixed_rocketfail,mixed,relative,OFF,ON,gamma_env,0.0001,0.6,6e-05,tau_star,8.4520263671875,8.4520263671875,9.4520263671875,83593.85595926229,1066483174.0225484,835640.1323182406,1489.813940388986,185794.5218083043,52668.35097654655,0.9982203313272362,rocket-dominant,YES,YES,YES,YES,Solve_Succeeded,OK
campaign_scale,run_bridge_sensitivity.py,mixed_rocketfail,mixed,relative,OFF,ON,gamma_env,0.0001,0.6,6e-05,cost_opt,8.4520263671875,8.87462768563928,9.87462768563928,82393.21574146781,1051251602.8765895,823593.3982871004,1691.239623952738,204481.11487899022,162564.0231436218,0.9979507196108319,rocket-dominant,YES,YES,YES,YES,Solve_Succeeded,OK
campaign_scale,run_bridge_sensitivity.py,mixed_rocketfail,mixed,relative,OFF,ON,gamma_env,0.0001,0.8,8e-05,tau_star,8.4520263671875,8.4520263671875,9.4520263671875,83593.85755475312,1066483277.2579825,835640.1441549549,1489.834036982673,185834.07188634644,52668.35168592751,0.9982203073885845,rocket-dominant,YES,YES,YES,YES,Solve_Succeeded,OK
campaign_scale,run_bridge_sensitivity.py,mixed_rocketfail,mixed,relative,OFF,ON,gamma_env,0.0001,0.8,8e-05,cost_opt,8.4520263671875,8.874627685645708,9.874627685645708,82393.06663097038,1051250030.7587059,823591.6055881227,1692.747374685018,204498.65762053555,179203.244337029,0.9979488919563203,rocket-dominant,YES,YES,YES,YES,Solve_Succeeded,OK
campaign_scale,run_bridge_sensitivity.py,mixed_rocketfail,mixed,relative,OFF,ON,gamma_env,0.0001,1.0,0.0001,tau_star,8.4520263671875,8.4520263671875,9.4520263671875,83593.85859844048,1066483338.5713665,835640.151222268,1489.850604490091,185856.49547709565,52668.35217283151,0.9982202876479889,rocket-dominant,YES,YES,YES,YES,Solve_Succeeded,OK
campaign_scale,run_bridge_sensitivity.py,mixed_rocketfail,mixed,relative,OFF,ON,gamma_env,0.0001,1.0,0.0001,cost_opt,8.4520263671875,8.874627685645985,9.874627685645985,82393.06578364663,1051250032.4752777,823591.5858411711,1692.8037336777313,204499.42381470848,179629.4024021532,0.9979488237569236,rocket-dominant,YES,YES,YES,YES,Solve_Succeeded,OK
campaign_scale,run_bridge_sensitivity.py,mixed_rocketfail,mixed,relative,OFF,ON,gamma_env,0.0001,1.2,0.00012,tau_star,8.4520263671875,8.4520263671875,9.4520263671875,83593.85876529757,1066483336.4599471,835640.1527958015,1489.8511068253629,185854.32361433786,52668.352018312806,0.9982202870523338,rocket-dominant,YES,YES,YES,YES,Solve_Succeeded,OK
campaign_scale,run_bridge_sensitivity.py,mixed_rocketfail,mixed,relative,OFF,ON,gamma_env,0.0001,1.2,0.00012,cost_opt,8.4520263671875,8.874627685646088,9.874627685646088,82393.06929565422,1051250076.266833,823591.6225487237,1692.795792776506,204499.70523035273,179303.43352034243,0.9979488334504384,rocket-dominant,YES,YES,YES,YES,Solve_Succeeded,OK
campaign_scale,run_bridge_sensitivity.py,mixed_rocketfail,mixed,relative,OFF,ON,gamma_env,0.0001,1.5,0.00015000000000000001,tau_star,8.4520263671875,8.4520263671875,9.4520263671875,83593.85973650913,1066483389.9414341,835640.160124933,1489.8627787181333,185873.76586079216,52668.35212982571,0.9982202731499816,rocket-dominant,YES,YES,YES,YES,Solve_Succeeded,OK
campaign_scale,run_bridge_sensitivity.py,mixed_rocketfail,mixed,relative,OFF,ON,gamma_env,0.0001,1.5,0.00015000000000000001,cost_opt,8.4520263671875,8.874627685646159,9.874627685646159,82393.0703651714,1051250073.2305998,823591.6507534662,1692.7082424216421,204499.90542041752,178563.76718450215,0.9979489393880175,rocket-dominant,YES,YES,YES,YES,Solve_Succeeded,OK
campaign_scale,run_bridge_sensitivity.py,mixed_rocketfail,mixed,relative,OFF,ON,C_E_dollars_per_launch,100000000.0,0.6,60000000.0,tau_star,8.4520263671875,8.4520263671875,9.4520263671875,50168.25254956675,1066483338.5716683,835640.1512225582,1489.8506044697522,185856.49544761667,52668.35216619771,0.9982202876480138,rocket-dominant,YES,YES,YES,YES,Solve_Succeeded,OK
campaign_scale,run_bridge_sensitivity.py,mixed_rocketfail,mixed,relative,OFF,ON,C_E_dollars_per_launch,100000000.0,0.6,60000000.0,cost_opt,8.4520263671875,8.874627685645985,9.874627685645985,49449.4023512125,1051250032.5010085,823591.5858614396,1692.8037335084382,204499.42379705107,179629.40219833265,0.9979488237571786,rocket-dominant,YES,YES,YES,YES,Solve_Succeeded,OK
campaign_scale,run_bridge_sensitivity.py,mixed_rocketfail,mixed,relative,OFF,ON,C_E_dollars_per_launch,100000000.0,0.8,80000000.0,tau_star,8.4520263671875,8.4520263671875,9.4520263671875,66881.0555740063,1066483338.571496,835640.1512224118,1489.8506044740066,185856.49545382266,52668.35216951356,0.9982202876480085,rocket-dominant,YES,YES,YES,YES,Solve_Succeeded,OK
campaign_scale,run_bridge_sensitivity.py,mixed_rocketfail,mixed,relative,OFF,ON,C_E_dollars_per_launch,100000000.0,0.8,80000000.0,cost_opt,8.4520263671875,8.874627685645985,9.874627685645985,65921.2340676323,1051250032.4881434,823591.5858513062,1692.803733591797,204499.42380588077,179629.40230883023,0.9979488237570527,rocket-dominant,YES,YES,YES,YES,Solve_Succeeded,OK
campaign_scale,run_bridge_sensitivity.py,mixed_rocketfail,mixed,relative,OFF,ON,C_E_dollars_per_launch,100000000.0,1.0,100000000.0,tau_star,8.4520263671875,8.4520263671875,9.4520263671875,83593.85859844048,1066483338.5713665,835640.151222268,1489.850604490091,185856.49547709565,52668.35217283151,0.9982202876479889,rocket-dominant,YES,YES,YES,YES,Solve_Succeeded,OK
campaign_scale,run_bridge_sensitivity.py,mixed_rocketfail,mixed,relative,OFF,ON,C_E_dollars_per_launch,100000000.0,1.0,100000000.0,cost_opt,8.4520263671875,8.874627685645985,9.874627685645985,82393.06578364663,1051250032.4752777,823591.5858411711,1692.8037336777313,204499.42381470848,179629.4024021532,0.9979488237569236,rocket-dominant,YES,YES,YES,YES,Solve_Succeeded,OK
campaign_scale,run_bridge_sensitivity.py,mixed_rocketfail,mixed,relative,OFF,ON,C_E_dollars_per_launch,100000000.0,1.2,120000000.0,tau_star,8.4520263671875,8.4520263671875,9.4520263671875,100306.66162286823,1066483338.5711927,835640.1512221205,1489.8506044943103,185856.49548329817,52668.35217614773,0.9982202876479837,rocket-dominant,YES,YES,YES,YES,Solve_Succeeded,OK
campaign_scale,run_bridge_sensitivity.py,mixed_rocketfail,mixed,relative,OFF,ON,C_E_dollars_per_launch,100000000.0,1.2,120000000.0,cost_opt,8.4520263671875,8.874627685645985,9.874627685645985,98864.8974992552,1051250032.4624112,823591.5858310309,1692.8037337767835,204499.42382354417,179629.40251993836,0.9979488237567786,rocket-dominant,YES,YES,YES,YES,Solve_Succeeded,OK
campaign_scale,run_bridge_sensitivity.py,mixed_rocketfail,mixed,relative,OFF,ON,C_E_dollars_per_launch,100000000.0,1.5,150000000.0,tau_star,8.4520263671875,8.4520263671875,9.4520263671875,125375.86615949887,1066483338.5709397,835640.1512218997,1489.8506045026136,185856.49549565325,52668.3521811233,0.9982202876479733,rocket-dominant,YES,YES,YES,YES,Solve_Succeeded,OK
campaign_scale,run_bridge_sensitivity.py,mixed_rocketfail,mixed,relative,OFF,ON,C_E_dollars_per_launch,100000000.0,1.5,150000000.0,cost_opt,8.4520263671875,8.874627685645985,9.874627685645985,123572.6450719084,1051250032.443113,823591.5858158289,1692.8037339059395,204499.4238367889,179629.4026734696,0.9979488237565848,rocket-dominant,YES,YES,YES,YES,Solve_Succeeded,OK
campaign_scale,run_bridge_sensitivity.py,mixed_bothfail,mixed,relative,ON,ON,K_max_total_tpy,537000.0,0.6,322200.0,tau_star,8.4520263671875,8.4520263671875,9.4520263671875,83702.64906018741,1067572714.1811925,836862.3180238212,819.5851064962611,102222.70144854358,29389.751413366324,0.9990216034231687,rocket-dominant,YES,YES,YES,YES,Solve_Succeeded,OK
campaign_scale,run_bridge_sensitivity.py,mixed_bothfail,mixed,relative,ON,ON,K_max_total_tpy,537000.0,0.6,322200.0,cost_opt,8.4520263671875,8.874627685644484,9.874627685644484,82453.73734333427,1051693387.6619663,824348.2961496864,943.9831830385333,112258.8193743394,93492.66867594827,0.9988561831890614,rocket-dominant,YES,YES,YES,YES,Solve_Succeeded,OK
campaign_scale,run_bridge_sensitivity.py,mixed_bothfail,mixed,relative,ON,ON,K_max_total_tpy,537000.0,0.8,429600.0,tau_star,8.4520263671875,8.4520263671875,9.4520263671875,83661.0182995591,1067155126.64294,836394.9651237829,1074.4139851853265,134029.9083916348,38495.341221375544,0.9987170707228383,rocket-dominant,YES,YES,YES,YES,Solve_Succeeded,OK
campaign_scale,run_bridge_sensitivity.py,mixed_bothfail,mixed,relative,ON,ON,K_max_total_tpy,537000.0,0.8,429600.0,cost_opt,8.4520263671875,8.874627685644027,9.874627685644027,82430.54400213611,1051523927.0510943,824058.9658547326,1230.5270305018837,147504.21129225523,121996.1851658949,0.9985089752855087,rocket-dominant,YES,YES,YES,YES,Solve_Succeeded,OK
campaign_scale,run_bridge_sensitivity.py,mixed_bothfail,mixed,relative,ON,ON,K_max_total_tpy,537000.0,1.0,537000.0,tau_star,8.4520263671875,8.4520263671875,9.4520263671875,83619.83349104048,1066743150.9172902,835932.0722781747,1329.2406582356552,165800.23320563635,47541.46374567155,0.9984123945085033,rocket-dominant,YES,YES,YES,YES,Solve_Succeeded,OK
campaign_scale,run_bridge_sensitivity.py,mixed_bothfail,mixed,relative,ON,ON,K_max_total_tpy,537000.0,1.0,537000.0,cost_opt,8.4520263671875,8.874627685646338,9.874627685646338,82407.25196166938,1051353121.2261822,823768.7535986924,1516.5456221456411,182757.42894193143,162878.8239368307,0.9981623983565714,rocket-dominant,YES,YES,YES,YES,Solve_Succeeded,OK
campaign_scale,run_bridge_sensitivity.py,mixed_bothfail,mixed,relative,ON,ON,K_max_total_tpy,537000.0,1.2,644400.0,tau_star,8.4520263671875,8.4520263671875,9.4520263671875,83578.65501344207,1066331583.4790807,835469.2318908067,1584.1195993292479,197729.4993020242,56301.95548439801,0.998107504621409,rocket-dominant,YES,YES,YES,YES,Solve_Succeeded,OK
campaign_scale,run_bridge_sensitivity.py,mixed_bothfail,mixed,relative,ON,ON,K_max_total_tpy,537000.0,1.2,644400.0,cost_opt,8.4520263671875,8.874627685645653,9.874627685645653,82384.118386057,1051183779.0617998,823480.6802301729,1799.7931215886877,218002.43180720365,188161.24887544662,0.9978191739902932,rocket-dominant,YES,YES,YES,YES,Solve_Succeeded,OK
campaign_scale,run_bridge_sensitivity.py,mixed_bothfail,mixed,relative,ON,ON,K_max_total_tpy,537000.0,1.5,805500.0,tau_star,8.4033203125,8.4033203125,9.4033203125,83897.24326029705,1070553705.6819181,838582.7505872241,1945.3770850135254,242639.49747567493,69623.93640116992,0.9976855300602478,rocket-dominant,YES,YES,YES,YES,Solve_Succeeded,OK
campaign_scale,run_bridge_sensitivity.py,mixed_bothfail,mixed,relative,ON,ON,K_max_total_tpy,537000.0,1.5,805500.0,cost_opt,8.4033203125,8.823486328221389,9.823486328221389,82354.53335819833,1050984199.3437833,823104.6973836253,2199.832331599522,267892.8152205831,215049.38956655306,0.9973345204680282,rocket-dominant,YES,YES,YES,YES,Solve_Succeeded,OK
campaign_scale,run_bridge_sensitivity.py,mixed_bothfail,mixed,relative,ON,ON,delta_eff,0.8714,0.6,0.52284,tau_star,8.4520263671875,8.4520263671875,9.4520263671875,83702.65149363698,1067572896.4133161,836862.3361351418,819.6153127009087,102295.47514756539,29389.75142884381,0.9990215674203268,rocket-dominant,YES,YES,YES,YES,Solve_Succeeded,OK
campaign_scale,run_bridge_sensitivity.py,mixed_bothfail,mixed,relative,ON,ON,delta_eff,0.8714,0.6,0.52284,cost_opt,8.4520263671875,8.874627685644636,9.874627685644636,82453.73119107698,1051693318.023895,824348.2264304449,944.0241612966774,112259.22624713987,93826.9650543123,0.9988561334962012,rocket-dominant,YES,YES,YES,YES,Solve_Succeeded,OK
campaign_scale,run_bridge_sensitivity.py,mixed_bothfail,mixed,relative,ON,ON,delta_eff,0.8714,0.8,0.69712,tau_star,8.4520263671875,8.4520263671875,9.4520263671875,83661.01867839025,1067155150.8926216,836394.9682979558,1074.4169379171265,134039.34533266444,38495.34093505757,0.9987170672064454,rocket-dominant,YES,YES,YES,YES,Solve_Succeeded,OK
campaign_scale,run_bridge_sensitivity.py,mixed_bothfail,mixed,relative,ON,ON,delta_eff,0.8714,0.8,0.69712,cost_opt,8.4520263671875,8.874627685644022,9.874627685644022,82430.5430783401,1051523915.2952094,824058.9565587656,1230.5273207484481,147504.1942232192,122024.79713517385,0.9985089749175478,rocket-dominant,YES,YES,YES,YES,Solve_Succeeded,OK
campaign_scale,run_bridge_sensitivity.py,mixed_bothfail,mixed,relative,ON,ON,delta_eff,0.8714,1.0,0.8714,tau_star,8.4520263671875,8.4520263671875,9.4520263671875,83619.83349104048,1066743150.9172902,835932.0722781747,1329.2406582356552,165800.23320563635,47541.46374567155,0.9984123945085033,rocket-dominant,YES,YES,YES,YES,Solve_Succeeded,OK
campaign_scale,run_bridge_sensitivity.py,mixed_bothfail,mixed,relative,ON,ON,delta_eff,0.8714,1.0,0.8714,cost_opt,8.4520263671875,8.874627685646338,9.874627685646338,82407.25196166938,1051353121.2261822,823768.7535986924,1516.5456221456411,182757.42894193143,162878.8239368307,0.9981623983565714,rocket-dominant,YES,YES,YES,YES,Solve_Succeeded,OK
campaign_scale,run_bridge_sensitivity.py,mixed_bothfail,mixed,relative,ON,ON,delta_eff,0.8714,1.2,0.999,tau_star,8.4520263671875,8.4520263671875,9.4520263671875,83589.67793258477,1066441434.4342538,835593.1520057409,1515.7736788376685,189033.73572862026,53929.82973055,0.9981892754546869,rocket-dominant,YES,YES,YES,YES,Solve_Succeeded,OK
campaign_scale,run_bridge_sensitivity.py,mixed_bothfail,mixed,relative,ON,ON,delta_eff,0.8714,1.2,0.999,cost_opt,8.4520263671875,8.87462768564254,9.87462768564254,82390.43549023694,1051230441.26286,823559.2722465902,1722.8063646181229,208553.1421895946,166490.30334294736,0.9979124636178732,rocket-dominant,YES,YES,YES,YES,Solve_Succeeded,OK
campaign_scale,run_bridge_sensitivity.py,mixed_bothfail,mixed,relative,ON,ON,delta_eff,0.8714,1.5,0.999,tau_star,8.4520263671875,8.4520263671875,9.4520263671875,83589.67793258477,1066441434.4342538,835593.1520057409,1515.7736788376685,189033.73572862026,53929.82973055,0.9981892754546869,rocket-dominant,YES,YES,YES,YES,Solve_Succeeded,OK
campaign_scale,run_bridge_sensitivity.py,mixed_bothfail,mixed,relative,ON,ON,delta_eff,0.8714,1.5,0.999,cost_opt,8.4520263671875,8.87462768564254,9.87462768564254,82390.43549023694,1051230441.26286,823559.2722465902,1722.8063646181229,208553.1421895946,166490.30334294736,0.9979124636178732,rocket-dominant,YES,YES,YES,YES,Solve_Succeeded,OK
campaign_scale,run_bridge_sensitivity.py,mixed_bothfail,mixed,relative,ON,ON,L_R_ton_per_launch,125.0,0.6,75.0,tau_star,14.0045166015625,14.0045166015625,15.0045166015625,139227.99727716466,1777409942.0090115,1390971.2332204676,6537.574561520072,489855.5501157326,105975.6467071193,0.9953219797076658,rocket-dominant,YES,YES,YES,YES,Solve_Succeeded,OK
campaign_scale,run_bridge_sensitivity.py,mixed_bothfail,mixed,relative,ON,ON,L_R_ton_per_launch,125.0,0.6,75.0,cost_opt,14.0045166015625,14.704742431738378,15.704742431738378,136582.90534410413,1744002100.7057018,1364334.899683725,7463.791302061418,558198.7615122945,385509.72107785905,0.9945591205538344,rocket-dominant,YES,YES,YES,YES,Solve_Succeeded,OK
campaign_scale,run_bridge_sensitivity.py,mixed_bothfail,mixed,relative,ON,ON,L_R_ton_per_launch,125.0,0.8,100.0,tau_star,10.54638671875,10.54638671875,11.54638671875,104486.26648859277,1333210772.874899,1044349.3774575243,2563.238020094154,255929.7537564792,65572.235221637,0.9975516218047247,rocket-dominant,YES,YES,YES,YES,Solve_Succeeded,OK
campaign_scale,run_bridge_sensitivity.py,mixed_bothfail,mixed,relative,ON,ON,L_R_ton_per_launch,125.0,0.8,100.0,cost_opt,10.54638671875,11.073706054784132,12.073706054784132,102791.46069510464,1311729545.47928,1027331.9879410455,2909.520195213251,285988.38330047263,221066.27401824787,0.9971758852926857,rocket-dominant,YES,YES,YES,YES,Solve_Succeeded,OK
campaign_scale,run_bridge_sensitivity.py,mixed_bothfail,mixed,relative,ON,ON,L_R_ton_per_launch,125.0,1.0,125.0,tau_star,8.4520263671875,8.4520263671875,9.4520263671875,83619.83349104048,1066743150.9172902,835932.0722781747,1329.2406582356552,165800.23320563635,47541.46374567155,0.9984123945085033,rocket-dominant,YES,YES,YES,YES,Solve_Succeeded,OK
campaign_scale,run_bridge_sensitivity.py,mixed_bothfail,mixed,relative,ON,ON,L_R_ton_per_launch,125.0,1.0,125.0,cost_opt,8.4520263671875,8.874627685646338,9.874627685646338,82407.25196166938,1051353121.2261822,823768.7535986924,1516.5456221456411,182757.42894193143,162878.8239368307,0.9981623983565714,rocket-dominant,YES,YES,YES,YES,Solve_Succeeded,OK
campaign_scale,run_bridge_sensitivity.py,mixed_bothfail,mixed,relative,ON,ON,L_R_ton_per_launch,125.0,1.2,150.0,tau_star,7.03955078125,7.03955078125,8.03955078125,69783.49003021278,890137874.7054522,697673.2418574822,806.7832302064278,120719.44178482179,37831.156523558566,0.9988449444490483,rocket-dominant,YES,YES,YES,YES,Solve_Succeeded,OK
campaign_scale,run_bridge_sensitivity.py,mixed_bothfail,mixed,relative,ON,ON,L_R_ton_per_launch,125.0,1.2,150.0,cost_opt,7.03955078125,7.391528320411153,8.391528320411153,68789.82508936478,877514741.4110688,687711.8694824188,930.2602391865064,131745.35667551402,115045.70906385427,0.9986491383564312,rocket-dominant,YES,YES,YES,YES,Solve_Succeeded,OK
campaign_scale,run_bridge_sensitivity.py,mixed_bothfail,mixed,relative,ON,ON,L_R_ton_per_launch,125.0,1.5,187.5,tau_star,5.6270751953125,5.6270751953125,6.6270751953125,55913.01468297036,713150308.1833899,559038.5804953594,456.7655871111893,85286.76880334776,29653.817685191203,0.9991836114628845,rocket-dominant,YES,YES,YES,YES,Solve_Succeeded,OK
campaign_scale,run_bridge_sensitivity.py,mixed_bothfail,mixed,relative,ON,ON,L_R_ton_per_launch,125.0,1.5,187.5,cost_opt,5.6270751953125,5.908428955176789,6.908428955176789,55153.07837633693,703491069.750268,551422.6994490444,539.2687151814861,92228.51545235861,80313.44407187514,0.9990229966079456,rocket-dominant,YES,YES,YES,YES,Solve_Succeeded,OK
campaign_scale,run_bridge_sensitivity.py,mixed_bothfail,mixed,relative,ON,ON,gamma_env,0.0001,0.6,6e-05,tau_star,8.4520263671875,8.4520263671875,9.4520263671875,83619.83145952245,1066743034.1255617,835932.0582544673,1329.2097320886496,165757.73583802584,47541.45964296068,0.9984124313605416,rocket-dominant,YES,YES,YES,YES,Solve_Succeeded,OK
campaign_scale,run_bridge_sensitivity.py,mixed_bothfail,mixed,relative,ON,ON,gamma_env,0.0001,0.6,6e-05,cost_opt,8.4520263671875,8.874627685640624,9.874627685640624,82407.40662626801,1051354763.5338569,823770.6062538314,1515.015772603603,182741.73127515183,147117.64960372943,0.9981642527966457,rocket-dominant,YES,YES,YES,YES,Solve_Succeeded,OK
campaign_scale,run_bridge_sensitivity.py,mixed_bothfail,mixed,relative,ON,ON,gamma_env,0.0001,0.8,8e-05,tau_star,8.4520263671875,8.4520263671875,9.4520263671875,83619.83271497107,1066743103.455867,835932.0673950677,1329.2264881682545,165782.80374007148,47541.46223404206,0.9984124113966821,rocket-dominant,YES,YES,YES,YES,Solve_Succeeded,OK
campaign_scale,run_bridge_sensitivity.py,mixed_bothfail,mixed,relative,ON,ON,gamma_env,0.0001,0.8,8e-05,cost_opt,8.4520263671875,8.874627685640583,9.874627685640583,82407.41892281284,1051354857.5093124,823770.7934199745,1514.6947704428926,182741.62607274984,145026.7060356835,0.998164641457874,rocket-dominant,YES,YES,YES,YES,Solve_Succeeded,OK
campaign_scale,run_bridge_sensitivity.py,mixed_bothfail,mixed,relative,ON,ON,gamma_env,0.0001,1.0,0.0001,tau_star,8.4520263671875,8.4520263671875,9.4520263671875,83619.83349104048,1066743150.9172902,835932.0722781747,1329.2406582356552,165800.23320563635,47541.46374567155,0.9984123945085033,rocket-dominant,YES,YES,YES,YES,Solve_Succeeded,OK
campaign_scale,run_bridge_sensitivity.py,mixed_bothfail,mixed,relative,ON,ON,gamma_env,0.0001,1.0,0.0001,cost_opt,8.4520263671875,8.874627685646338,9.874627685646338,82407.25196166938,1051353121.2261822,823768.7535986924,1516.5456221456411,182757.42894193143,162878.8239368307,0.9981623983565714,rocket-dominant,YES,YES,YES,YES,Solve_Succeeded,OK
campaign_scale,run_bridge_sensitivity.py,mixed_bothfail,mixed,relative,ON,ON,gamma_env,0.0001,1.2,0.00012,tau_star,8.4520263671875,8.4520263671875,9.4520263671875,83619.8334051145,1066743120.4042568,835932.0769853294,1329.2129765246661,165788.20426283896,47541.46550206966,0.9984124275271519,rocket-dominant,YES,YES,YES,YES,Solve_Succeeded,OK
campaign_scale,run_bridge_sensitivity.py,mixed_bothfail,mixed,relative,ON,ON,gamma_env,0.0001,1.2,0.00012,cost_opt,8.4520263671875,8.874627685645269,9.874627685645269,82407.33493607676,1051354030.6782382,823769.7295798304,1515.8144737427174,182754.47538502788,154826.22073542772,0.9981632848355765,rocket-dominant,YES,YES,YES,YES,Solve_Succeeded,OK
campaign_scale,run_bridge_sensitivity.py,mixed_bothfail,mixed,relative,ON,ON,gamma_env,0.0001,1.5,0.00015000000000000001,tau_star,8.4520263671875,8.4520263671875,9.4520263671875,83619.83442888534,1066743171.1321188,835932.0853882876,1329.221925355876,165806.19782101727,47541.466585818554,0.9984124168718358,rocket-dominant,YES,YES,YES,YES,Solve_Succeeded,OK
campaign_scale,run_bridge_sensitivity.py,mixed_bothfail,mixed,relative,ON,ON,gamma_env,0.0001,1.5,0.00015000000000000001,cost_opt,8.4520263671875,8.874627685644834,9.874627685644834,82407.372301995,1051354415.7777216,823770.1944378449,1515.3584946078477,182753.273447842,150654.2518577097,0.9981638373660808,rocket-dominant,YES,YES,YES,YES,Solve_Succeeded,OK
campaign_scale,run_bridge_sensitivity.py,mixed_bothfail,mixed,relative,ON,ON,C_E_dollars_per_launch,100000000.0,0.6,60000000.0,tau_star,8.4520263671875,8.4520263671875,9.4520263671875,50182.5505999289,1066743150.9174224,835932.0722784462,1329.2406581924797,165800.2331085004,47541.463741424435,0.9984123945085552,rocket-dominant,YES,YES,YES,YES,Solve_Succeeded,OK
campaign_scale,run_bridge_sensitivity.py,mixed_bothfail,mixed,relative,ON,ON,C_E_dollars_per_launch,100000000.0,0.6,60000000.0,cost_opt,8.4520263671875,8.874627685646338,9.874627685646338,49456.50181869929,1051353121.2472045,823768.7536120638,1516.545630911013,182757.42895663984,162878.90002454648,0.9981623983459997,rocket-dominant,YES,YES,YES,YES,Solve_Succeeded,OK
campaign_scale,run_bridge_sensitivity.py,mixed_bothfail,mixed,relative,ON,ON,C_E_dollars_per_launch,100000000.0,0.8,80000000.0,tau_star,8.4520263671875,8.4520263671875,9.4520263671875,66901.19204548732,1066743150.9173508,835932.0722783095,1329.2406582132548,165800.23315505098,47541.46374354835,0.9984123945085301,rocket-dominant,YES,YES,YES,YES,Solve_Succeeded,OK
campaign_scale,run_bridge_sensitivity.py,mixed_bothfail,mixed,relative,ON,ON,C_E_dollars_per_launch,100000000.0,0.8,80000000.0,cost_opt,8.4520263671875,8.874627685646338,9.874627685646338,65931.87689031835,1051353121.2366966,823768.7536053851,1516.5456265160321,182757.42894927165,162878.86193377644,0.9981623983513005,rocket-dominant,YES,YES,YES,YES,Solve_Succeeded,OK
campaign_scale,run_bridge_sensitivity.py,mixed_bothfail,mixed,relative,ON,ON,C_E_dollars_per_launch,100000000.0,1.0,100000000.0,tau_star,8.4520263671875,8.4520263671875,9.4520263671875,83619.83349104048,1066743150.9172902,835932.0722781747,1329.2406582356552,165800.23320563635,47541.46374567155,0.9984123945085033,rocket-dominant,YES,YES,YES,YES,Solve_Succeeded,OK
campaign_scale,run_bridge_sensitivity.py,mixed_bothfail,mixed,relative,ON,ON,C_E_dollars_per_launch,100000000.0,1.0,100000000.0,cost_opt,8.4520263671875,8.874627685646338,9.874627685646338,82407.25196166938,1051353121.2261822,823768.7535986924,1516.5456221456411,182757.42894193143,162878.8239368307,0.9981623983565714,rocket-dominant,YES,YES,YES,YES,Solve_Succeeded,OK
campaign_scale,run_bridge_sensitivity.py,mixed_bothfail,mixed,relative,ON,ON,C_E_dollars_per_launch,100000000.0,1.2,120000000.0,tau_star,8.4520263671875,8.4520263671875,9.4520263671875,100338.47493658797,1066743150.9172163,835932.0722780376,1329.2406582561966,165800.23325156778,47541.46374779398,0.9984123945084784,rocket-dominant,YES,YES,YES,YES,Solve_Succeeded,OK
campaign_scale,run_bridge_sensitivity.py,mixed_bothfail,mixed,relative,ON,ON,C_E_dollars_per_launch,100000000.0,1.2,120000000.0,cost_opt,8.4520263671875,8.87462768564174,9.87462768564174,98882.86403907559,1051355197.1012408,823771.0213312525,1514.7896565241938,182744.77922904142,143148.09024812735,0.9981645272021444,rocket-dominant,YES,YES,YES,YES,Solve_Succeeded,OK
campaign_scale,run_bridge_sensitivity.py,mixed_bothfail,mixed,relative,ON,ON,C_E_dollars_per_launch,100000000.0,1.5,150000000.0,tau_star,8.4520263671875,8.4520263671875,9.4520263671875,125416.43710489925,1066743150.9171212,835932.0722778345,1329.2406582867727,165800.2333265159,47541.46375098014,0.9984123945084417,rocket-dominant,YES,YES,YES,YES,Solve_Succeeded,OK
campaign_scale,run_bridge_sensitivity.py,mixed_bothfail,mixed,relative,ON,ON,C_E_dollars_per_launch,100000000.0,1.5,150000000.0,cost_opt,8.4520263671875,8.87462768564174,9.87462768564174,123595.99467673228,1051355197.0820258,823771.0213160297,1514.7896566492675,182744.7792977977,143148.0839902298,0.9981645272019594,rocket-dominant,YES,YES,YES,YES,Solve_Succeeded,OK
