model_layer,entrypoint,case_label,ScenarioMode,FailureTiming,SE_Disrupt,Rocket_Disrupt,param,baseline_value,factor,trial_value,policy,tau_star_bisect (yr),tau_build (yr),Time_total (yr),TotalCost ($B),E_total (index),EnvPenalty,Total_FE_Launches,Total_FA_Launches,Total_SE_Throughput (tons),Apex_Inventory_Peak (tons),route_share_direct,regime_label,SolverSuccess,ConstraintOK,BuildOK,OpsOK,ReturnStatus,TimeseriesCSV,status,proxy_direct_launch_count,proxy_total_lunar_launch_count,proxy_direct_route_share,proxy_avg_direct_launches_per_yr,proxy_avg_total_lunar_launches_per_yr,proxy_env_per_year,proxy_env_per_direct_launch,proxy_cost_per_direct_launch_B,proxy_cost_per_total_lunar_launch_B,proxy_se_tons_per_total_launch,proxy_peak_direct_launches_per_yr,proxy_peak_apex_launches_per_yr,proxy_peak_delivered_tons_per_yr
campaign_scale,run_bridge_sensitivity.py,mixed_base,mixed,relative,OFF,OFF,K_max_total_tpy,537000.0,0.8,429600.0,tau_star,8.013671875,8.013671875,9.013671875,79789.99477231049,1017820467.6763462,12942392863831.549,797668.7884765875,1154.0873384219558,136711.5332036616,125997.45356941296,0.9985552650363894,rocket-dominant,YES,YES,YES,YES,Solve_Succeeded,,OK,797668.7884765875,798822.8758150095,0.9985552650363894,88495.4322210212,88623.46964621557,112919627.18316127,1275.9938490513225,0.100028979352064,0.09988446398821979,0.17114123461246633,,,
campaign_scale,run_bridge_sensitivity.py,mixed_base,mixed,relative,OFF,OFF,K_max_total_tpy,537000.0,0.8,429600.0,cost_opt,8.013671875,8.41435546884731,9.41435546884731,79780.49244109969,1017743358.6054926,12324660616712.908,797555.0630586501,1247.4360932096702,149653.4818845856,112696.82595586168,0.9984383673129038,rocket-dominant,YES,YES,YES,YES,Solve_Succeeded,,OK,797555.0630586501,798802.4991518598,0.9984383673129038,84716.90554895761,84849.40915978233,108105473.8131855,1276.0791144656685,0.10003132841403935,0.09987511622185433,0.18734728802611705,,,
campaign_scale,run_bridge_sensitivity.py,mixed_base,mixed,relative,OFF,OFF,K_max_total_tpy,537000.0,1.0,537000.0,tau_star,8.013671875,8.013671875,9.013671875,79769.15867387883,1017671279.274643,12938600451325.162,797407.3080810705,1419.2790015846483,169142.96028239856,156944.07963579855,0.9982232952376212,rocket-dominant,YES,YES,YES,YES,Solve_Succeeded,,OK,797407.3080810705,798826.5870826552,0.9982232952376211,88466.42291170273,88623.88138381786,112903075.83718683,1276.2251724575099,0.10003565037024828,0.0998579165538278,0.2117392723496035,,,
campaign_scale,run_bridge_sensitivity.py,mixed_base,mixed,relative,OFF,OFF,K_max_total_tpy,537000.0,1.0,537000.0,cost_opt,8.013671875,8.414355468846258,9.414355468846258,79757.74984859531,1017581056.8668424,12320709171704.066,797269.8880675646,1535.734159386719,185434.60448669575,132179.55902994468,0.9980774620049552,rocket-dominant,YES,YES,YES,YES,Solve_Succeeded,,OK,797269.8880675646,798805.6222269513,0.9980774620049552,84686.61404446322,84849.74089520394,108088233.9990449,1276.331982552698,0.10003858297208917,0.09984625499535489,0.2321398339307273,,,
campaign_scale,run_bridge_sensitivity.py,mixed_base,mixed,relative,OFF,OFF,K_max_total_tpy,537000.0,1.2,644400.0,tau_star,8.013671875,8.013671875,9.013671875,79748.34242120077,1017522071.2894968,12934808576635.848,797146.3062447718,1683.0701533135705,201574.62921070057,187647.57000904583,0.9978930792944763,rocket-dominant,YES,YES,YES,YES,Solve_Succeeded,,OK,797146.3062447718,798829.3763980854,0.9978930792944765,88437.46669497793,88624.19083766408,112886522.31857473,1276.4558567458962,0.100042290601436,0.09983150942793985,0.2523375268440913,,,
campaign_scale,run_bridge_sensitivity.py,mixed_base,mixed,relative,OFF,OFF,K_max_total_tpy,537000.0,1.2,644400.0,cost_opt,8.013671875,8.414355468847488,9.414355468847488,79734.92435463626,1017417865.9478594,12316757977309.672,796983.7250350108,1824.8272801832225,221222.12606905313,166004.50562783793,0.9977155636667956,rocket-dominant,YES,YES,YES,YES,Solve_Succeeded,,OK,796983.7250350108,798808.552315194,0.9977155636667956,84656.21758943188,84850.05213139512,108070899.7354667,1276.5854985346973,0.1000458627321826,0.09981731432837043,0.27694010714818096,,,
campaign_scale,run_bridge_sensitivity.py,mixed_base,mixed,relative,OFF,OFF,alpha,0.02,0.8,0.016,tau_star,8.013671875,8.013671875,9.013671875,79789.47968892936,1017816622.008195,12942299098052.623,797662.3327048796,1160.6029440413115,137438.24232746288,126721.31891436256,0.9985471086366612,rocket-dominant,YES,YES,YES,YES,Solve_Succeeded,,OK,797662.3327048796,798822.935648921,0.9985471086366611,88494.7160010614,88623.476284344,112919200.53482033,1275.9993549611029,0.1000291431818807,0.09988381170366956,0.1720509467042473,,,
campaign_scale,run_bridge_sensitivity.py,mixed_base,mixed,relative,OFF,OFF,alpha,0.02,0.8,0.016,cost_opt,8.013671875,8.41435546884744,9.41435546884744,79779.87250085932,1017738945.045506,12324554240089.672,797547.273588853,1255.3742687088547,150626.39939977095,114006.24825814318,0.9984284300107468,rocket-dominant,YES,YES,YES,YES,Solve_Succeeded,,OK,797547.273588853,798802.6478575618,0.9984284300107469,84716.07814554864,84849.42495541395,108105005.00148456,1276.0860437348383,0.10003152808969037,0.09987432154216548,0.18856522296684955,,,
campaign_scale,run_bridge_sensitivity.py,mixed_base,mixed,relative,OFF,OFF,alpha,0.02,1.0,0.02,tau_star,8.013671875,8.013671875,9.013671875,79769.15867387883,1017671279.274643,12938600451325.162,797407.3080810705,1419.2790015846483,169142.96028239856,156944.07963579855,0.9982232952376212,rocket-dominant,YES,YES,YES,YES,Solve_Succeeded,,OK,797407.3080810705,798826.5870826552,0.9982232952376211,88466.42291170273,88623.88138381786,112903075.83718683,1276.2251724575099,0.10003565037024828,0.0998579165538278,0.2117392723496035,,,
campaign_scale,run_bridge_sensitivity.py,mixed_base,mixed,relative,OFF,OFF,alpha,0.02,1.0,0.02,cost_opt,8.013671875,8.414355468846258,9.414355468846258,79757.74984859531,1017581056.8668424,12320709171704.066,797269.8880675646,1535.734159386719,185434.60448669575,132179.55902994468,0.9980774620049552,rocket-dominant,YES,YES,YES,YES,Solve_Succeeded,,OK,797269.8880675646,798805.6222269513,0.9980774620049552,84686.61404446322,84849.74089520394,108088233.9990449,1276.331982552698,0.10003858297208917,0.09984625499535489,0.2321398339307273,,,
campaign_scale,run_bridge_sensitivity.py,mixed_base,mixed,relative,OFF,OFF,alpha,0.02,1.2,0.024,tau_star,8.013671875,8.013671875,9.013671875,79749.09910183545,1017527478.3059514,12934946329401.225,797155.7920878036,1673.4898216652252,200386.4871261588,186533.97796301343,0.9979050720102984,rocket-dominant,YES,YES,YES,YES,Solve_Succeeded,,OK,797155.7920878036,798829.2819094688,0.9979050720102985,88438.51907886358,88624.1803548533,112887122.18692245,1276.447450304513,0.1000420493627316,0.09983246847337453,0.25085020249529183,,,
campaign_scale,run_bridge_sensitivity.py,mixed_base,mixed,relative,OFF,OFF,alpha,0.02,1.2,0.024,cost_opt,8.013671875,8.41435546884754,9.41435546884754,79735.82545192327,1017424276.8569424,12316914649924.615,796995.0133882785,1813.4582887907957,219789.27846580965,165447.29848430192,0.9977297958733669,rocket-dominant,YES,YES,YES,YES,Solve_Succeeded,,OK,796995.0133882785,798808.4716770693,0.9977297958733669,84657.41664690326,84850.04356595168,108071580.70710607,1276.57546128369,0.10004557633672134,0.09981845245647034,0.2751464039989086,,,
campaign_scale,run_bridge_sensitivity.py,mixed_base,mixed,relative,OFF,OFF,r,0.18,0.8,0.144,tau_star,8.013671875,8.013671875,9.013671875,79784.91694562761,1017784225.7758116,12941467780274.809,797605.0376210996,1218.8509265565988,144659.9459794768,134044.39748738255,0.9984741931932298,rocket-dominant,YES,YES,YES,YES,Solve_Succeeded,,OK,797605.0376210996,798823.8885476562,0.9984741931932298,88488.3595367287,88623.58200138678,112915606.41326447,1276.0503980910255,0.10003060811098995,0.09987798072824884,0.18109116171085396,,,
campaign_scale,run_bridge_sensitivity.py,mixed_base,mixed,relative,OFF,OFF,r,0.18,0.8,0.144,cost_opt,8.013671875,8.41435546884816,9.41435546884816,79775.76580253916,1017709270.2576472,12323846438373.78,797495.7104128523,1307.777189283539,156869.87304156055,123856.13676476138,0.9983628298954864,rocket-dominant,YES,YES,YES,YES,Solve_Succeeded,,OK,797495.7104128523,798803.4876021359,0.9983628298954863,84710.60106575998,84849.51415371496,108101852.92293441,1276.1313408579883,0.10003284627228949,0.09986907548690309,0.19638105676335446,,,
campaign_scale,run_bridge_sensitivity.py,mixed_base,mixed,relative,OFF,OFF,r,0.18,1.0,0.18,tau_star,8.013671875,8.013671875,9.013671875,79769.15867387883,1017671279.274643,12938600451325.162,797407.3080810705,1419.2790015846483,169142.96028239856,156944.07963579855,0.9982232952376212,rocket-dominant,YES,YES,YES,YES,Solve_Succeeded,,OK,797407.3080810705,798826.5870826552,0.9982232952376211,88466.42291170273,88623.88138381786,112903075.83718683,1276.2251724575099,0.10003565037024828,0.0998579165538278,0.2117392723496035,,,
campaign_scale,run_bridge_sensitivity.py,mixed_base,mixed,relative,OFF,OFF,r,0.18,1.0,0.18,cost_opt,8.013671875,8.414355468846258,9.414355468846258,79757.74984859531,1017581056.8668424,12320709171704.066,797269.8880675646,1535.734159386719,185434.60448669575,132179.55902994468,0.9980774620049552,rocket-dominant,YES,YES,YES,YES,Solve_Succeeded,,OK,797269.8880675646,798805.6222269513,0.9980774620049552,84686.61404446322,84849.74089520394,108088233.9990449,1276.331982552698,0.10003858297208917,0.09984625499535489,0.2321398339307273,,,
campaign_scale,run_bridge_sensitivity.py,mixed_base,mixed,relative,OFF,OFF,r,0.18,1.2,0.216,tau_star,8.013671875,8.013671875,9.013671875,79750.2233699075,1017535474.9678016,12935152338477.988,797169.9132112608,1659.1197406949352,198615.87006565224,184136.38056746655,0.9979230602891788,rocket-dominant,YES,YES,YES,YES,Solve_Succeeded,,OK,797169.9132112608,798829.0329519557,0.9979230602891788,88440.08571271192,88624.15273486485,112888009.3572079,1276.4348705395018,0.1000416875351549,0.09983390698157556,0.2486337650143941,,,
campaign_scale,run_bridge_sensitivity.py,mixed_base,mixed,relative,OFF,OFF,r,0.18,1.2,0.216,cost_opt,8.013671875,8.41435546884844,9.41435546884844,79735.71185883433,1017423803.3691849,12316904481889.75,796993.5449539361,1815.1167281276937,220115.5126293504,173436.2053472555,0.9977277202724548,rocket-dominant,YES,YES,YES,YES,Solve_Succeeded,,OK,796993.5449539361,798808.6616820638,0.9977277202724547,84657.2606686822,84850.06374841864,108071530.41286594,1276.5772192395723,0.10004561814041144,0.09981828651048125,0.2755547394364124,,,
campaign_scale,run_bridge_sensitivity.py,mixed_base,mixed,relative,OFF,OFF,delta_eff,0.8714,0.8,0.69712,tau_star,8.013671875,8.013671875,9.013671875,79789.99077682775,1017820161.8001878,12942392204318.84,797668.7554649654,1154.0541777962485,136587.10117434387,126049.1730678072,0.998555306428578,rocket-dominant,YES,YES,YES,YES,Solve_Succeeded,,OK,797668.7554649654,798822.8096427616,0.9985553064285779,88495.4285586267,88623.46230489576,112919593.24847154,1275.9935183958598,0.10002897848282617,0.09988446726065611,0.17098547954010784,,,
campaign_scale,run_bridge_sensitivity.py,mixed_base,mixed,relative,OFF,OFF,delta_eff,0.8714,0.8,0.69712,cost_opt,8.013671875,8.41435546884947,9.41435546884947,79780.36893303043,1017742290.6921004,12324660238911.732,797553.3203761218,1249.9740277880271,149659.4500202983,129591.97686603069,0.9984351916966984,rocket-dominant,YES,YES,YES,YES,Solve_Succeeded,,OK,797553.3203761218,798803.2944039098,0.9984351916966983,84716.72043987425,84849.49363204061,108105360.37858775,1276.0805637573405,0.1000313921273708,0.09987486217437906,0.18735457285761262,,,
campaign_scale,run_bridge_sensitivity.py,mixed_base,mixed,relative,OFF,OFF,delta_eff,0.8714,1.0,0.8714,tau_star,8.013671875,8.013671875,9.013671875,79769.15867387883,1017671279.274643,12938600451325.162,797407.3080810705,1419.2790015846483,169142.96028239856,156944.07963579855,0.9982232952376212,rocket-dominant,YES,YES,YES,YES,Solve_Succeeded,,OK,797407.3080810705,798826.5870826552,0.9982232952376211,88466.42291170273,88623.88138381786,112903075.83718683,1276.2251724575099,0.10003565037024828,0.0998579165538278,0.2117392723496035,,,
campaign_scale,run_bridge_sensitivity.py,mixed_base,mixed,relative,OFF,OFF,delta_eff,0.8714,1.0,0.8714,cost_opt,8.013671875,8.414355468846258,9.414355468846258,79757.74984859531,1017581056.8668424,12320709171704.066,797269.8880675646,1535.734159386719,185434.60448669575,132179.55902994468,0.9980774620049552,rocket-dominant,YES,YES,YES,YES,Solve_Succeeded,,OK,797269.8880675646,798805.6222269513,0.9980774620049552,84686.61404446322,84849.74089520394,108088233.9990449,1276.331982552698,0.10003858297208917,0.09984625499535489,0.2321398339307273,,,
campaign_scale,run_bridge_sensitivity.py,mixed_base,mixed,relative,OFF,OFF,delta_eff,0.8714,1.2,0.999,tau_star,8.013671875,8.013671875,9.013671875,79753.919703641,1017562145.683325,12935824386002.783,797216.2266379464,1612.4403763773814,192929.2752868125,179192.55325156427,0.9979814941013522,rocket-dominant,YES,YES,YES,YES,Solve_Succeeded,,OK,797216.2266379464,798828.6670143239,0.9979814941013522,88445.22384368983,88624.1121368004,112890968.27515979,1276.3941722243044,0.10004051227103412,0.09983857990691129,0.2415152125272353,,,
campaign_scale,run_bridge_sensitivity.py,mixed_base,mixed,relative,OFF,OFF,delta_eff,0.8714,1.2,0.999,cost_opt,8.013671875,8.414355468848633,9.414355468848632,79740.96486629815,1017460938.3560303,12317815974897.986,797059.3458071566,1748.8687697152864,211640.752766876,169404.7621149899,0.997810652497306,rocket-dominant,YES,YES,YES,YES,Solve_Succeeded,,OK,797059.3458071566,798808.214576872,0.997810652497306,84664.25008536845,84850.01625656329,108075474.9194174,1276.5184220074354,0.10004394940698802,0.09982491843619419,0.26494563889654277,,,
campaign_scale,run_bridge_sensitivity.py,mixed_sefail,mixed,relative,ON,OFF,K_max_total_tpy,537000.0,0.8,429600.0,tau_star,8.013671875,8.013671875,9.013671875,79799.4542602854,1017887985.6937923,12944113864448.582,797787.564587036,1033.3661661487756,121913.0352772461,112249.18468027128,0.99870638571629,rocket-dominant,YES,YES,YES,YES,Solve_Succeeded,,OK,797787.564587036,798820.9307531848,0.99870638571629,88508.60954898428,88623.25385604131,112927117.80611521,1275.888508265591,0.10002594400126118,0.09989654901135958,0.15261622546907713,,,
campaign_scale,run_bridge_sensitivity.py,mixed_sefail,mixed,relative,ON,OFF,K_max_total_tpy,537000.0,0.8,429600.0,cost_opt,8.013671875,8.414355468848465,9.414355468848465,79790.66431472977,1017816057.1111224,12326433537136.318,797682.6376524561,1118.3560123414456,133716.94934359303,107246.27366797609,0.9985999566585282,rocket-dominant,YES,YES,YES,YES,Solve_Succeeded,,OK,797682.6376524561,798800.9936647975,0.9985999566585282,84730.45661935539,84849.24924579085,108113195.90374662,1275.966166327136,0.10002808203216017,0.09988803838195086,0.16739707437032175,,,
campaign_scale,run_bridge_sensitivity.py,mixed_sefail,mixed,relative,ON,OFF,K_max_total_tpy,537000.0,1.0,537000.0,tau_star,8.013671875,8.013671875,9.013671875,79780.97448144824,1017755562.4748544,12940751155872.78,797555.5952852343,1268.86521411714,150594.56991404263,139145.7004666356,0.99841158442579,rocket-dominant,YES,YES,YES,YES,Solve_Succeeded,,OK,797555.5952852343,798824.4604993514,0.9984115844257899,88482.87427649836,88623.64545518265,112912426.43274657,1276.093564500502,0.1000318660580843,0.09987297388412034,0.1885202286118089,,,
campaign_scale,run_bridge_sensitivity.py,mixed_sefail,mixed,relative,ON,OFF,K_max_total_tpy,537000.0,1.0,537000.0,cost_opt,8.013671875,8.414355468847182,9.414355468847182,79770.48246432489,1017672201.1782469,12322925084375.996,797429.4854320249,1374.6271496506035,165512.5175361806,124126.88866378216,0.998279143624827,rocket-dominant,YES,YES,YES,YES,Solve_Succeeded,,OK,797429.4854320249,798804.1125816755,0.998279143624827,84703.56659792375,84849.58053952595,108097915.41713095,1276.190835390167,0.10003452834592325,0.09986238329008174,0.20720038233310598,,,
campaign_scale,run_bridge_sensitivity.py,mixed_sefail,mixed,relative,ON,OFF,K_max_total_tpy,537000.0,1.2,644400.0,tau_star,8.013671875,8.013671875,9.013671875,79762.51162919878,1017623408.0754676,12937389471760.63,797323.9753441085,1503.462355322097,179390.7259172135,165565.6235686744,0.9981179134762171,rocket-dominant,YES,YES,YES,YES,Solve_Succeeded,,OK,797323.9753441085,798827.4376994306,0.9981179134762171,88457.17776298668,88623.97575343629,112897764.88291211,1276.298517972299,0.10003776895680946,0.09984948921998656,0.22456755671017856,,,
campaign_scale,run_bridge_sensitivity.py,mixed_sefail,mixed,relative,ON,OFF,K_max_total_tpy,537000.0,1.2,644400.0,cost_opt,8.013671875,8.414355468848983,9.414355468848983,79750.16155280855,1017526960.8676465,12319416602887.086,797174.5617098295,1632.802631885091,197316.75163272824,162205.70521129132,0.997955949450678,rocket-dominant,YES,YES,YES,YES,Solve_Succeeded,,OK,797174.5617098295,798807.3643417145,0.9979559494506781,84676.48840619925,84849.92594393488,108082487.88082474,1276.4167470236273,0.10004102662502859,0.09983653770960098,0.24701418695023436,,,
campaign_scale,run_bridge_sensitivity.py,mixed_sefail,mixed,relative,ON,OFF,alpha,0.02,0.8,0.016,tau_star,8.013671875,8.013671875,9.013671875,79798.98194735577,1017885276.8611984,12944027886964.398,797781.5902330651,1039.6091700401394,122962.5937611222,112852.64215424751,0.9986985708806716,rocket-dominant,YES,YES,YES,YES,Solve_Succeeded,,OK,797781.5902330651,798821.1994031052,0.9986985708806715,88507.94673874958,88623.28366075619,112926817.28124239,1275.8946675666355,0.10002610103354627,0.09989592415296832,0.15393005825709466,,,
campaign_scale,run_bridge_sensitivity.py,mixed_sefail,mixed,relative,ON,OFF,alpha,0.02,0.8,0.016,cost_opt,8.013671875,8.41435546884846,9.41435546884846,79790.08678783849,1017811957.102519,12326333594816.164,797675.3865934022,1125.723527358952,134631.804309731,107944.337355901,0.9985907336468414,rocket-dominant,YES,YES,YES,YES,Solve_Succeeded,,OK,797675.3865934022,798801.1101207612,0.9985907336468414,84729.6864063464,84849.26161583196,108112760.39771369,1275.9726252169376,0.10002826729880003,0.09988730082733108,0.16854233501174984,,,
campaign_scale,run_bridge_sensitivity.py,mixed_sefail,mixed,relative,ON,OFF,alpha,0.02,1.0,0.02,tau_star,8.013671875,8.013671875,9.013671875,79780.97448144824,1017755562.4748544,12940751155872.78,797555.5952852343,1268.86521411714,150594.56991404263,139145.7004666356,0.99841158442579,rocket-dominant,YES,YES,YES,YES,Solve_Succeeded,,OK,797555.5952852343,798824.4604993514,0.9984115844257899,88482.87427649836,88623.64545518265,112912426.43274657,1276.093564500502,0.1000318660580843,0.09987297388412034,0.1885202286118089,,,
campaign_scale,run_bridge_sensitivity.py,mixed_sefail,mixed,relative,ON,OFF,alpha,0.02,1.0,0.02,cost_opt,8.013671875,8.414355468847182,9.414355468847182,79770.48246432489,1017672201.1782469,12322925084375.996,797429.4854320249,1374.6271496506035,165512.5175361806,124126.88866378216,0.998279143624827,rocket-dominant,YES,YES,YES,YES,Solve_Succeeded,,OK,797429.4854320249,798804.1125816755,0.998279143624827,84703.56659792375,84849.58053952595,108097915.41713095,1276.190835390167,0.10003452834592325,0.09986238329008174,0.20720038233310598,,,
campaign_scale,run_bridge_sensitivity.py,mixed_sefail,mixed,relative,ON,OFF,alpha,0.02,1.2,0.024,tau_star,8.013671875,8.013671875,9.013671875,79763.22052670411,1017628478.4641274,12937518558071.918,797332.8636717449,1494.4794669649752,178280.76125913038,164542.4751287807,0.998129158347168,rocket-dominant,YES,YES,YES,YES,Solve_Succeeded,,OK,797332.8636717449,798827.3431387099,0.9981291583471681,88458.16385697365,88623.96526262611,112898327.40490428,1276.2906495261134,0.1000375428643337,0.09985038846229613,0.2231780907231331,,,
campaign_scale,run_bridge_sensitivity.py,mixed_sefail,mixed,relative,ON,OFF,alpha,0.02,1.2,0.024,cost_opt,8.013671875,8.414355468849022,9.414355468849022,79751.00756079964,1017532974.6438056,12319563740777.488,797185.1617297085,1622.1197693005547,195969.77112103385,161656.74530192235,0.9979693227554756,rocket-dominant,YES,YES,YES,YES,Solve_Succeeded,,OK,797185.1617297085,798807.2814990091,0.9979693227554755,84677.61434837457,84849.91714431933,108083126.66870299,1276.4073185155542,0.10004075764250088,0.09983760715243126,0.24532797291642733,,,
campaign_scale,run_bridge_sensitivity.py,mixed_sefail,mixed,relative,ON,OFF,r,0.18,0.8,0.144,tau_star,8.013671875,8.013671875,9.013671875,79795.40954031046,1017859183.4178064,12943377336656.05,797736.7339811648,1085.2039483552503,128252.90753069996,117990.56722035432,0.9986414945598916,rocket-dominant,YES,YES,YES,YES,Solve_Succeeded,,OK,797736.7339811648,798821.93792952,0.9986414945598915,88502.97027049975,88623.36559478099,112923922.40734927,1275.9337010069778,0.10002724726249662,0.09989135970293143,0.16055256051570244,,,
campaign_scale,run_bridge_sensitivity.py,mixed_sefail,mixed,relative,ON,OFF,r,0.18,0.8,0.144,cost_opt,8.013671875,8.414355468848273,9.414355468848273,79787.04034592178,1017789974.9429872,12325802233542.611,797637.15344495,1164.508975955324,139287.63074798958,110416.65438842367,0.9985421800795632,rocket-dominant,YES,YES,YES,YES,Solve_Succeeded,,OK,797637.15344495,798801.6624209053,0.9985421800795631,84725.6252522331,84849.32028157511,108110425.43600714,1276.0062273268109,0.10002924262156801,0.09988341799904807,0.1743707321863284,,,
campaign_scale,run_bridge_sensitivity.py,mixed_sefail,mixed,relative,ON,OFF,r,0.18,1.0,0.18,tau_star,8.013671875,8.013671875,9.013671875,79780.97448144824,1017755562.4748544,12940751155872.78,797555.5952852343,1268.86521411714,150594.56991404263,139145.7004666356,0.99841158442579,rocket-dominant,YES,YES,YES,YES,Solve_Succeeded,,OK,797555.5952852343,798824.4604993514,0.9984115844257899,88482.87427649836,88623.64545518265,112912426.43274657,1276.093564500502,0.1000318660580843,0.09987297388412034,0.1885202286118089,,,
campaign_scale,run_bridge_sensitivity.py,mixed_sefail,mixed,relative,ON,OFF,r,0.18,1.0,0.18,cost_opt,8.013671875,8.414355468847182,9.414355468847182,79770.48246432489,1017672201.1782469,12322925084375.996,797429.4854320249,1374.6271496506035,165512.5175361806,124126.88866378216,0.998279143624827,rocket-dominant,YES,YES,YES,YES,Solve_Succeeded,,OK,797429.4854320249,798804.1125816755,0.998279143624827,84703.56659792375,84849.58053952595,108097915.41713095,1276.190835390167,0.10003452834592325,0.09986238329008174,0.20720038233310598,,,
campaign_scale,run_bridge_sensitivity.py,mixed_sefail,mixed,relative,ON,OFF,r,0.18,1.2,0.216,tau_star,8.013671875,8.013671875,9.013671875,79763.52180072539,1017630669.3676008,12937574648055.146,797336.6591527822,1490.571323280994,177835.92616353504,163415.17977004923,0.9981340504349198,rocket-dominant,YES,YES,YES,YES,Solve_Succeeded,,OK,797336.6591527822,798827.2304760632,0.9981340504349198,88458.58493742676,88623.95276354157,112898570.46938497,1276.287321906024,0.10003744451619583,0.0998507796901091,0.22262126199372703,,,
campaign_scale,run_bridge_sensitivity.py,mixed_sefail,mixed,relative,ON,OFF,r,0.18,1.2,0.216,cost_opt,8.013671875,8.414355468848939,9.41435546884894,79750.13896709937,1017527176.1403296,12319414176965.137,797174.292969003,1633.014158493662,197548.11676434884,161330.98950054427,0.9979556845012272,rocket-dominant,YES,YES,YES,YES,Solve_Succeeded,,OK,797174.292969003,798807.3071274966,0.9979556845012273,84676.45986034459,84849.9198665975,108082510.74725342,1276.4174473698122,0.10004103201832719,0.09983651658605891,0.24730384286885154,,,
campaign_scale,run_bridge_sensitivity.py,mixed_sefail,mixed,relative,ON,OFF,delta_eff,0.8714,0.8,0.69712,tau_star,8.013671875,8.013671875,9.013671875,79799.45604105787,1017888068.5106376,12944114012240.783,797787.5779011741,1033.3882847821942,121940.97924430465,112266.90263696936,0.9987063580845704,rocket-dominant,YES,YES,YES,YES,Solve_Succeeded,,OK,797787.5779011741,798820.9661859563,0.9987063580845703,88508.61102608909,88623.25778704433,112927126.99402957,1275.8885907806507,0.10002594456408423,0.0998965468095657,0.15265120021388898,,,
campaign_scale,run_bridge_sensitivity.py,mixed_sefail,mixed,relative,ON,OFF,delta_eff,0.8714,0.8,0.69712,cost_opt,8.013671875,8.414355468845173,9.414355468845171,79790.83011840661,1017817549.9820024,12326434144824.434,797684.9139058777,1115.2650441790877,133707.74106389005,90397.12136724863,0.9986038247441996,rocket-dominant,YES,YES,YES,YES,Solve_Succeeded,,OK,797684.9139058777,798800.1789500568,0.9986038247441995,84730.69840475518,84849.16270620096,108113354.47766504,1275.9643967669408,0.10002800445066644,0.09988834782596531,0.16738571746395392,,,
campaign_scale,run_bridge_sensitivity.py,mixed_sefail,mixed,relative,ON,OFF,delta_eff,0.8714,1.0,0.8714,tau_star,8.013671875,8.013671875,9.013671875,79780.97448144824,1017755562.4748544,12940751155872.78,797555.5952852343,1268.86521411714,150594.56991404263,139145.7004666356,0.99841158442579,rocket-dominant,YES,YES,YES,YES,Solve_Succeeded,,OK,797555.5952852343,798824.4604993514,0.9984115844257899,88482.87427649836,88623.64545518265,112912426.43274657,1276.093564500502,0.1000318660580843,0.09987297388412034,0.1885202286118089,,,
campaign_scale,run_bridge_sensitivity.py,mixed_sefail,mixed,relative,ON,OFF,delta_eff,0.8714,1.0,0.8714,cost_opt,8.013671875,8.414355468847182,9.414355468847182,79770.48246432489,1017672201.1782469,12322925084375.996,797429.4854320249,1374.6271496506035,165512.5175361806,124126.88866378216,0.998279143624827,rocket-dominant,YES,YES,YES,YES,Solve_Succeeded,,OK,797429.4854320249,798804.1125816755,0.998279143624827,84703.56659792375,84849.58053952595,108097915.41713095,1276.190835390167,0.10003452834592325,0.09986238329008174,0.20720038233310598,,,
campaign_scale,run_bridge_sensitivity.py,mixed_sefail,mixed,relative,ON,OFF,delta_eff,0.8714,1.2,0.999,tau_star,8.013671875,8.013671875,9.013671875,79767.46664114705,1017659710.900264,12938291740848.016,797386.0561289068,1440.9008882176952,172041.96810487122,158498.3147347832,0.9981962290136048,rocket-dominant,YES,YES,YES,YES,Solve_Succeeded,,OK,797386.0561289068,798826.9570171245,0.9981962290136049,88464.06516533051,88623.92242530179,112901792.41190362,1276.2446785697834,0.10003619454846814,0.09985575216315225,0.21536825540701318,,,
campaign_scale,run_bridge_sensitivity.py,mixed_sefail,mixed,relative,ON,OFF,delta_eff,0.8714,1.2,0.999,cost_opt,8.013671875,8.414355468846553,9.414355468846551,79755.70082625884,1017566723.678464,12320356613309.44,797244.1726724692,1561.8180418314614,188792.7011207522,136811.27338518956,0.9980448093029012,rocket-dominant,YES,YES,YES,YES,Solve_Succeeded,,OK,797244.1726724692,798805.9907143007,0.9980448093029011,84683.8825356302,84849.78003620789,108086711.51686782,1276.3551726787093,0.10003923962078902,0.0998436438301376,0.23634362200004508,,,
campaign_scale,run_bridge_sensitivity.py,mixed_rocketfail,mixed,relative,OFF,ON,K_max_total_tpy,537000.0,0.8,429600.0,tau_star,8.4520263671875,8.4520263671875,9.4520263671875,83640.23697132303,1066947177.632396,13501829735930.973,836161.4175449136,1202.885392609041,150035.91797860336,42913.45725707507,0.998563486181117,rocket-dominant,YES,YES,YES,YES,Solve_Succeeded,,OK,836161.4175449136,837364.3029375226,0.998563486181117,88463.72037721239,88590.98254787082,112880258.28369242,1276.006229473134,0.1000288164657279,0.09988512368858837,0.17917639604682054,,,
campaign_scale,run_bridge_sensitivity.py,mixed_rocketfail,mixed,relative,OFF,ON,K_max_total_tpy,537000.0,0.8,429600.0,cost_opt,8.4520263671875,8.874627685645152,9.874627685645152,82419.12402540204,1051440789.4400012,12705841129138.822,823916.2839848325,1372.7200751549317,164901.66276005685,141165.22242342762,0.9983366795529786,rocket-dominant,YES,YES,YES,YES,Solve_Succeeded,,OK,823916.2839848325,825289.0040599874,0.9983366795529786,83437.70623195931,83576.72110106172,106479031.20119573,1276.1500286834448,0.10003337186975576,0.0998669843169403,0.1998108080306747,,,
campaign_scale,run_bridge_sensitivity.py,mixed_rocketfail,mixed,relative,OFF,ON,K_max_total_tpy,537000.0,1.0,537000.0,tau_star,8.4520263671875,8.4520263671875,9.4520263671875,83593.85859844048,1066483338.5713664,13492020047788.836,835640.151222268,1489.850604490091,185856.49547709565,52668.35217283151,0.9982202876479888,rocket-dominant,YES,YES,YES,YES,Solve_Succeeded,,OK,835640.151222268,837130.0018267581,0.9982202876479889,88408.57174533223,88566.19409493358,112831185.30790812,1276.2471226537527,0.10003571331053208,0.09985767851591108,0.22201628787825736,,,
campaign_scale,run_bridge_sensitivity.py,mixed_rocketfail,mixed,relative,OFF,ON,K_max_total_tpy,537000.0,1.0,537000.0,cost_opt,8.4520263671875,8.874627685645985,9.874627685645985,82393.06578364663,1051250032.4752775,12701228303012.137,823591.5858411711,1692.803733677731,204499.42381470848,179629.4024021532,0.9979488237569236,rocket-dominant,YES,YES,YES,YES,Solve_Succeeded,,OK,823591.5858411711,825284.3895748488,0.9979488237569236,83404.82416753446,83576.25379380163,106459713.3118651,1276.4215304623208,0.10004116991979087,0.09983596784872183,0.24779267171169667,,,
campaign_scale,run_bridge_sensitivity.py,mixed_rocketfail,mixed,relative,OFF,ON,K_max_total_tpy,537000.0,1.2,644400.0,tau_star,8.4033203125,8.4033203125,9.4033203125,83929.61151303773,1070883423.7015444,13663334336498.695,838943.9095243532,1758.2860906382527,219355.15860348596,62874.32983928036,0.9979085506142256,rocket-dominant,YES,YES,YES,YES,Solve_Succeeded,,OK,838943.9095243532,840702.1956149915,0.9979085506142255,89217.83812991357,89404.82379372221,113883541.99505468,1276.466056364473,0.10004198202073172,0.0998327492788828,0.26091897909582956,,,
campaign_scale,run_bridge_sensitivity.py,mixed_rocketfail,mixed,relative,OFF,ON,K_max_total_tpy,537000.0,1.2,644400.0,cost_opt,8.4033203125,8.823486328221179,9.82348632822118,82372.01202295613,1051113229.1374058,12770969780690.7,823321.6437638055,1989.3640818934036,241459.7508508392,195158.0944843945,0.9975895582841112,rocket-dominant,YES,YES,YES,YES,Solve_Succeeded,,OK,823321.6437638055,825311.0078456989,0.9975895582841113,83811.55286983446,84014.06387411797,107000019.54680172,1276.6738699255538,0.10004839863846335,0.09980723780477735,0.2925681937541572,,,
campaign_scale,run_bridge_sensitivity.py,mixed_rocketfail,mixed,relative,OFF,ON,alpha,0.02,0.8,0.016,tau_star,8.4520263671875,8.4520263671875,9.4520263671875,83638.97905843431,1066934656.383193,13501561962472.703,836147.274409903,1210.692936645214,151034.84453832722,43152.94951447136,0.9985541512902998,rocket-dominant,YES,YES,YES,YES,Solve_Succeeded,,OK,836147.274409903,837357.9673465482,0.9985541512902998,88462.22407002267,88590.31225869384,112878933.5678361,1276.0128377338362,0.10002900400226877,0.09988437719589949,0.18037070217046144,,,
campaign_scale,run_bridge_sensitivity.py,mixed_rocketfail,mixed,relative,OFF,ON,alpha,0.02,0.8,0.016,cost_opt,8.4520263671875,8.874627685645383,9.874627685645384,82418.35183537721,1051435205.8908076,12705704392004.44,823906.6242203267,1382.39452677148,166091.23642190144,143015.79970579845,0.9983249570812536,rocket-dominant,YES,YES,YES,YES,Solve_Succeeded,,OK,823906.6242203267,825289.0187470982,0.9983249570812536,83436.72799107443,83576.72258841818,106478465.75717129,1276.158213785202,0.10003360746537357,0.09986604687955204,0.20125220698325866,,,
campaign_scale,run_bridge_sensitivity.py,mixed_rocketfail,mixed,relative,OFF,ON,alpha,0.02,1.0,0.02,tau_star,8.4520263671875,8.4520263671875,9.4520263671875,83593.85859844048,1066483338.5713664,13492020047788.836,835640.151222268,1489.850604490091,185856.49547709565,52668.35217283151,0.9982202876479888,rocket-dominant,YES,YES,YES,YES,Solve_Succeeded,,OK,835640.151222268,837130.0018267581,0.9982202876479889,88408.57174533223,88566.19409493358,112831185.30790812,1276.2471226537527,0.10003571331053208,0.09985767851591108,0.22201628787825736,,,
campaign_scale,run_bridge_sensitivity.py,mixed_rocketfail,mixed,relative,OFF,ON,alpha,0.02,1.0,0.02,cost_opt,8.4520263671875,8.874627685645985,9.874627685645985,82393.06578364663,1051250032.4752775,12701228303012.137,823591.5858411711,1692.803733677731,204499.42381470848,179629.4024021532,0.9979488237569236,rocket-dominant,YES,YES,YES,YES,Solve_Succeeded,,OK,823591.5858411711,825284.3895748488,0.9979488237569236,83404.82416753446,83576.25379380163,106459713.3118651,1276.4215304623208,0.10004116991979087,0.09983596784872183,0.24779267171169667,,,
campaign_scale,run_bridge_sensitivity.py,mixed_rocketfail,mixed,relative,OFF,ON,alpha,0.02,1.2,0.024,tau_star,8.4033203125,8.4033203125,9.4033203125,83931.56444951246,1070903315.0144658,13663840405805.66,838965.689829975,1747.049023118465,217944.21042227707,62575.154548789425,0.9979219429629416,rocket-dominant,YES,YES,YES,YES,Solve_Succeeded,,OK,838965.689829975,840712.7388530935,0.9979219429629415,89220.1543655514,89405.94501875249,113885657.34498006,1276.4566274831755,0.1000417126313259,0.09983382024639298,0.2592374307538127,,,
campaign_scale,run_bridge_sensitivity.py,mixed_rocketfail,mixed,relative,OFF,ON,alpha,0.02,1.2,0.024,cost_opt,8.4033203125,8.823486328222883,9.823486328222884,82373.06073033204,1051120654.1731968,12771167352960.95,823334.7395541259,1976.341824594268,239753.7103093691,202271.68012334075,0.9976053371035648,rocket-dominant,YES,YES,YES,YES,Solve_Succeeded,,OK,823334.7395541259,825311.0813787202,0.9976053371035649,83812.8859800705,84014.07135953361,107000775.39206485,1276.6625816644487,0.10004808102102054,0.09980849959353999,0.29050101921429367,,,
campaign_scale,run_bridge_sensitivity.py,mixed_rocketfail,mixed,relative,OFF,ON,r,0.18,0.8,0.144,tau_star,8.4520263671875,8.4520263671875,9.4520263671875,83630.85644201135,1066853383.7957102,13499832320577.756,836055.9855597322,1260.9281485295592,157292.27010659766,45036.85459503643,0.9984940849421692,rocket-dominant,YES,YES,YES,YES,Solve_Succeeded,,OK,836055.9855597322,837316.9137082618,0.9984940849421693,88452.56594523287,88585.96888969638,112870335.13779311,1276.0549559147778,0.10003021075917688,0.09987957375855666,0.1878527323782229,,,
campaign_scale,run_bridge_sensitivity.py,mixed_rocketfail,mixed,relative,OFF,ON,r,0.18,0.8,0.144,cost_opt,8.4520263671875,8.874627685643645,9.874627685643643,82414.96158521963,1051410224.5280944,12705091927998.707,823864.3672298545,1424.1036763613415,171154.82783378498,141009.04727147476,0.998274417095882,rocket-dominant,YES,YES,YES,YES,Solve_Succeeded,,OK,823864.3672298545,825288.4709062158,0.998274417095882,83432.4486408374,83576.66710878348,106475935.90355825,1276.1933472900832,0.10003462325034167,0.099862005214641,0.20738788177405024,,,
campaign_scale,run_bridge_sensitivity.py,mixed_rocketfail,mixed,relative,OFF,ON,r,0.18,1.0,0.18,tau_star,8.4520263671875,8.4520263671875,9.4520263671875,83593.85859844048,1066483338.5713664,13492020047788.836,835640.151222268,1489.850604490091,185856.49547709565,52668.35217283151,0.9982202876479888,rocket-dominant,YES,YES,YES,YES,Solve_Succeeded,,OK,835640.151222268,837130.0018267581,0.9982202876479889,88408.57174533223,88566.19409493358,112831185.30790812,1276.2471226537527,0.10003571331053208,0.09985767851591108,0.22201628787825736,,,
campaign_scale,run_bridge_sensitivity.py,mixed_rocketfail,mixed,relative,OFF,ON,r,0.18,1.0,0.18,cost_opt,8.4520263671875,8.874627685645985,9.874627685645985,82393.06578364663,1051250032.4752775,12701228303012.137,823591.5858411711,1692.803733677731,204499.42381470848,179629.4024021532,0.9979488237569236,rocket-dominant,YES,YES,YES,YES,Solve_Succeeded,,OK,823591.5858411711,825284.3895748488,0.9979488237569236,83404.82416753446,83576.25379380163,106459713.3118651,1276.4215304623208,0.10004116991979087,0.09983596784872183,0.24779267171169667,,,
campaign_scale,run_bridge_sensitivity.py,mixed_rocketfail,mixed,relative,OFF,ON,r,0.18,1.2,0.216,tau_star,8.4033203125,8.4033203125,9.4033203125,83931.51179120125,1070902998.9510952,13663829658160.34,838965.0852905001,1747.437054240909,218084.2656496248,62076.80370749543,0.9979214808774736,rocket-dominant,YES,YES,YES,YES,Solve_Succeeded,,OK,838965.0852905001,840712.522344741,0.9979214808774736,89220.09007555012,89405.92199408192,113885623.73308977,1276.457170539206,0.10004172195335057,0.09983378332122006,0.25940408861924574,,,
campaign_scale,run_bridge_sensitivity.py,mixed_rocketfail,mixed,relative,OFF,ON,r,0.18,1.2,0.216,cost_opt,8.4033203125,8.82348632822094,9.82348632822094,82371.55258898909,1051110401.840194,12770889686665.377,823315.8911909531,1995.143331736879,242413.03622362288,194112.6353683292,0.9975825558507276,rocket-dominant,YES,YES,YES,YES,Solve_Succeeded,,OK,823315.8911909531,825311.03452269,0.9975825558507275,83810.9672760198,84014.0665897538,106999731.73684388,1276.6793561092677,0.10004853965570368,0.09980667789886974,0.29372324624717994,,,
campaign_scale,run_bridge_sensitivity.py,mixed_rocketfail,mixed,relative,OFF,ON,delta_eff,0.8714,0.8,0.69712,tau_star,8.4520263671875,8.4520263671875,9.4520263671875,83640.23884525316,1066947313.6774746,13501830023425.99,836161.4310377145,1202.9109542414153,150089.58749000035,42913.574082480074,0.9985634557218188,rocket-dominant,YES,YES,YES,YES,Solve_Succeeded,,OK,836161.4310377145,837364.3419919559,0.9985634557218189,88463.7218047159,88590.98667972909,112880272.6769107,1276.0063715846643,0.10002881709271355,0.09988512126786579,0.17924048107059493,,,
campaign_scale,run_bridge_sensitivity.py,mixed_rocketfail,mixed,relative,OFF,ON,delta_eff,0.8714,0.8,0.69712,cost_opt,8.4520263671875,8.874627685645164,9.874627685645164,82419.11887039618,1051440737.294188,12705841124707.566,823916.218564593,1372.7894257022292,164901.69138292468,141575.61749115915,0.9983365955290678,rocket-dominant,YES,YES,YES,YES,Solve_Succeeded,,OK,823916.218564593,825289.0079902952,0.9983365955290678,83437.69960687504,83576.72149908247,106479025.92040782,1276.1500667215687,0.10003337355585108,0.09986697759503586,0.1998108417613431,,,
campaign_scale,run_bridge_sensitivity.py,mixed_rocketfail,mixed,relative,OFF,ON,delta_eff,0.8714,1.0,0.8714,tau_star,8.4520263671875,8.4520263671875,9.4520263671875,83593.85859844048,1066483338.5713664,13492020047788.836,835640.151222268,1489.850604490091,185856.49547709565,52668.35217283151,0.9982202876479888,rocket-dominant,YES,YES,YES,YES,Solve_Succeeded,,OK,835640.151222268,837130.0018267581,0.9982202876479889,88408.57174533223,88566.19409493358,112831185.30790812,1276.2471226537527,0.10003571331053208,0.09985767851591108,0.22201628787825736,,,
campaign_scale,run_bridge_sensitivity.py,mixed_rocketfail,mixed,relative,OFF,ON,delta_eff,0.8714,1.0,0.8714,cost_opt,8.4520263671875,8.874627685645985,9.874627685645985,82393.06578364663,1051250032.4752775,12701228303012.137,823591.5858411711,1692.803733677731,204499.42381470848,179629.4024021532,0.9979488237569236,rocket-dominant,YES,YES,YES,YES,Solve_Succeeded,,OK,823591.5858411711,825284.3895748488,0.9979488237569236,83404.82416753446,83576.25379380163,106459713.3118651,1276.4215304623208,0.10004116991979087,0.09983596784872183,0.24779267171169667,,,
campaign_scale,run_bridge_sensitivity.py,mixed_rocketfail,mixed,relative,OFF,ON,delta_eff,0.8714,1.2,0.999,tau_star,8.4520263671875,8.4520263671875,9.4520263671875,83559.90292438853,1066143767.6688714,13484924860369.93,835258.5076924177,1699.9565704351646,212094.95217137312,59670.09796153479,0.9979688877727853,rocket-dominant,YES,YES,YES,YES,Solve_Succeeded,,OK,835258.5076924177,836958.4642628529,0.9979688877727853,88368.19484465248,88548.0458633014,112795259.58263996,1276.4237153528961,0.10004076840263601,0.09983757437471345,0.25341156249393415,,,
campaign_scale,run_bridge_sensitivity.py,mixed_rocketfail,mixed,relative,OFF,ON,delta_eff,0.8714,1.2,0.999,cost_opt,8.4520263671875,8.874627685642873,9.874627685642873,82374.14860569799,1051111940.648216,12697852154277.834,823355.9501315843,1924.7611161771997,233480.86408319112,187980.51290694805,0.9976677497850795,rocket-dominant,YES,YES,YES,YES,Solve_Succeeded,,OK,823355.9501315843,825280.7112477615,0.9976677497850797,83380.96142386162,83575.88129096462,106445728.80215736,1276.6191104591312,0.10004682493948504,0.09981349071051783,0.28291084585048143,,,
campaign_scale,run_bridge_sensitivity.py,mixed_bothfail,mixed,relative,ON,ON,K_max_total_tpy,537000.0,0.8,429600.0,tau_star,8.4520263671875,8.4520263671875,9.4520263671875,83661.0182995591,1067155126.64294,13506262351604.56,836394.9651237829,1074.4139851853265,134029.9083916348,38495.341221375544,0.9987170707228384,rocket-dominant,YES,YES,YES,YES,Solve_Succeeded,,OK,836394.9651237829,837469.3791089682,0.9987170707228383,88488.42910841948,88602.09933567522,112902258.75242428,1275.8985540820486,0.10002573160776695,0.09989740566821782,0.16004156299330838,,,
campaign_scale,run_bridge_sensitivity.py,mixed_bothfail,mixed,relative,ON,ON,K_max_total_tpy,537000.0,0.8,429600.0,cost_opt,8.4520263671875,8.874627685644027,9.874627685644027,82430.54400213611,1051523927.0510944,12707838304807.46,824058.9658547326,1230.5270305018837,147504.21129225523,121996.1851658949,0.9985089752855087,rocket-dominant,YES,YES,YES,YES,Solve_Succeeded,,OK,824058.9658547326,825289.4928852344,0.9985089752855087,83452.1555737002,83576.77060422848,106487450.51723067,1276.0299573470813,0.10002990977306739,0.09988076270540741,0.17873026685045573,,,
campaign_scale,run_bridge_sensitivity.py,mixed_bothfail,mixed,relative,ON,ON,K_max_total_tpy,537000.0,1.0,537000.0,tau_star,8.4520263671875,8.4520263671875,9.4520263671875,83619.83349104048,1066743150.9172902,13497487815571.324,835932.0722781747,1329.2406582356552,165800.23320563635,47541.46374567155,0.9984123945085032,rocket-dominant,YES,YES,YES,YES,Solve_Succeeded,,OK,835932.0722781747,837261.3129364103,0.9984123945085033,88439.45623978518,88580.0864715046,112858672.783697,1276.112242003209,0.10003185218525047,0.09987304106739657,0.19802686526163285,,,
campaign_scale,run_bridge_sensitivity.py,mixed_bothfail,mixed,relative,ON,ON,K_max_total_tpy,537000.0,1.0,537000.0,cost_opt,8.4520263671875,8.874627685646338,9.874627685646338,82407.25196166938,1051353121.2261822,12703724021242.232,823768.7535986924,1516.5456221456411,182757.42894193143,162878.8239368307,0.9981623983565714,rocket-dominant,YES,YES,YES,YES,Solve_Succeeded,,OK,823768.7535986924,825285.299220838,0.9981623983565714,83422.76588271926,83576.34591332133,106470153.07264888,1276.272153602903,0.10003687515661093,0.09985304723041968,0.22144757590432662,,,
campaign_scale,run_bridge_sensitivity.py,mixed_bothfail,mixed,relative,ON,ON,K_max_total_tpy,537000.0,1.2,644400.0,tau_star,8.4520263671875,8.4520263671875,9.4520263671875,83578.65501344207,1066331583.4790808,13488822146577.428,835469.2318908067,1584.119599329248,197729.4993020242,56301.95548439801,0.998107504621409,rocket-dominant,YES,YES,YES,YES,Solve_Succeeded,,OK,835469.2318908067,837053.3514901359,0.998107504621409,88390.48892109735,88558.08468710457,112815130.01072736,1276.326575265727,0.10003798084136455,0.09984865942493869,0.2362209039005972,,,
campaign_scale,run_bridge_sensitivity.py,mixed_bothfail,mixed,relative,ON,ON,K_max_total_tpy,537000.0,1.2,644400.0,cost_opt,8.4520263671875,8.874627685645653,9.874627685645653,82384.118386057,1051183779.0617998,12699610937305.604,823480.6802301729,1799.7931215886877,218002.43180720363,188161.24887544665,0.9978191739902932,rocket-dominant,YES,YES,YES,YES,Solve_Succeeded,,OK,823480.6802301729,825280.4733517616,0.9978191739902932,83393.59279613484,83575.85719929861,106453003.85247569,1276.512982390772,0.10004377803135543,0.09982559995811532,0.26415556752702163,,,
campaign_scale,run_bridge_sensitivity.py,mixed_bothfail,mixed,relative,ON,ON,alpha,0.02,0.8,0.016,tau_star,8.4520263671875,8.4520263671875,9.4520263671875,83659.83259156934,1067143140.1578023,13506008622874.74,836381.6492257508,1081.6973648328628,134886.7903976158,38712.653388105704,0.9987083645281472,rocket-dominant,YES,YES,YES,YES,Solve_Succeeded,,OK,836381.6492257508,837463.3465905837,0.9987083645281473,88487.02032076754,88601.46111079621,112900990.61322619,1275.904536099842,0.10002590643758662,0.09989670942872761,0.16106590329804465,,,
campaign_scale,run_bridge_sensitivity.py,mixed_bothfail,mixed,relative,ON,ON,alpha,0.02,0.8,0.016,cost_opt,8.4520263671875,8.874627685643949,9.874627685643947,82429.81611993833,1051518637.4990426,12707709375580.455,824049.8868528672,1239.5139169626818,148625.2495019411,122706.80773352264,0.9984980857432478,rocket-dominant,YES,YES,YES,YES,Solve_Succeeded,,OK,824049.8868528672,825289.4007698299,0.9984980857432478,83451.23614644201,83576.76127573522,106486914.8461946,1276.0375970863881,0.10003012855780666,0.09987989188162093,0.18008864449646814,,,
campaign_scale,run_bridge_sensitivity.py,mixed_bothfail,mixed,relative,ON,ON,alpha,0.02,1.0,0.02,tau_star,8.4520263671875,8.4520263671875,9.4520263671875,83619.83349104048,1066743150.9172902,13497487815571.324,835932.0722781747,1329.2406582356552,165800.23320563635,47541.46374567155,0.9984123945085032,rocket-dominant,YES,YES,YES,YES,Solve_Succeeded,,OK,835932.0722781747,837261.3129364103,0.9984123945085033,88439.45623978518,88580.0864715046,112858672.783697,1276.112242003209,0.10003185218525047,0.09987304106739657,0.19802686526163285,,,
campaign_scale,run_bridge_sensitivity.py,mixed_bothfail,mixed,relative,ON,ON,alpha,0.02,1.0,0.02,cost_opt,8.4520263671875,8.874627685646338,9.874627685646338,82407.25196166938,1051353121.2261822,12703724021242.232,823768.7535986924,1516.5456221456411,182757.42894193143,162878.8239368307,0.9981623983565714,rocket-dominant,YES,YES,YES,YES,Solve_Succeeded,,OK,823768.7535986924,825285.299220838,0.9981623983565714,83422.76588271926,83576.34591332133,106470153.07264888,1276.272153602903,0.10003687515661093,0.09985304723041968,0.22144757590432662,,,
campaign_scale,run_bridge_sensitivity.py,mixed_bothfail,mixed,relative,ON,ON,alpha,0.02,1.2,0.024,tau_star,8.4520263671875,8.4520263671875,9.4520263671875,83580.39372064425,1066348748.1917017,13489185736979.582,835488.7877919916,1573.2935619162283,196280.82702490353,55989.05591467805,0.9981204577331092,rocket-dominant,YES,YES,YES,YES,Solve_Succeeded,,OK,835488.7877919916,837062.0813539078,0.9981204577331092,88392.5578849814,88559.00828416542,112816945.99303147,1276.3172453933473,0.10003772036430121,0.0998496952405931,0.23448777742676946,,,
campaign_scale,run_bridge_sensitivity.py,mixed_bothfail,mixed,relative,ON,ON,alpha,0.02,1.2,0.024,cost_opt,8.4520263671875,8.87462768564579,9.87462768564579,82385.17752954237,1051191445.4340724,12699800416244.34,823493.8891169803,1786.7264553107311,216354.95251651204,187815.6518656189,0.9978350073640446,rocket-dominant,YES,YES,YES,YES,Solve_Succeeded,,OK,823493.8891169803,825280.615572291,0.9978350073640446,83394.9304553577,83575.8716019194,106453780.22324146,1276.501816620945,0.1000434594819917,0.09982686612893768,0.26215925642029125,,,
campaign_scale,run_bridge_sensitivity.py,mixed_bothfail,mixed,relative,ON,ON,r,0.18,0.8,0.144,tau_star,8.4520263671875,8.4520263671875,9.4520263671875,83653.76708542107,1067082723.9086672,13504707101089.225,836313.4649710119,1119.283299833312,139689.29285097818,40177.124391025005,0.9986634350016232,rocket-dominant,YES,YES,YES,YES,Solve_Succeeded,,OK,836313.4649710119,837432.7482708452,0.9986634350016232,88479.8066025562,88598.22388752262,112894598.72996348,1275.9363188606012,0.1000268088333609,0.0998931165017749,0.16680658015752617,,,
campaign_scale,run_bridge_sensitivity.py,mixed_bothfail,mixed,relative,ON,ON,r,0.18,0.8,0.144,cost_opt,8.4520263671875,8.874627685644935,9.874627685644937,82427.38524889997,1051500415.228518,12707279642131.363,824019.586173929,1269.4303303020022,152099.60406123486,128193.38163696794,0.9984618354238144,rocket-dominant,YES,YES,YES,YES,Solve_Succeeded,,OK,824019.586173929,825289.016504231,0.9984618354238143,83448.16760755779,83576.72236128763,106485069.48339105,1276.0624053984243,0.1000308568290532,0.09987699290855324,0.18429859239554666,,,
campaign_scale,run_bridge_sensitivity.py,mixed_bothfail,mixed,relative,ON,ON,r,0.18,1.0,0.18,tau_star,8.4520263671875,8.4520263671875,9.4520263671875,83619.83349104048,1066743150.9172902,13497487815571.324,835932.0722781747,1329.2406582356552,165800.23320563635,47541.46374567155,0.9984123945085032,rocket-dominant,YES,YES,YES,YES,Solve_Succeeded,,OK,835932.0722781747,837261.3129364103,0.9984123945085033,88439.45623978518,88580.0864715046,112858672.783697,1276.112242003209,0.10003185218525047,0.09987304106739657,0.19802686526163285,,,
campaign_scale,run_bridge_sensitivity.py,mixed_bothfail,mixed,relative,ON,ON,r,0.18,1.0,0.18,cost_opt,8.4520263671875,8.874627685646338,9.874627685646338,82407.25196166938,1051353121.2261822,12703724021242.232,823768.7535986924,1516.5456221456411,182757.42894193143,162878.8239368307,0.9981623983565714,rocket-dominant,YES,YES,YES,YES,Solve_Succeeded,,OK,823768.7535986924,825285.299220838,0.9981623983565714,83422.76588271926,83576.34591332133,106470153.07264888,1276.272153602903,0.10003687515661093,0.09985304723041968,0.22144757590432662,,,
campaign_scale,run_bridge_sensitivity.py,mixed_bothfail,mixed,relative,ON,ON,r,0.18,1.2,0.216,tau_star,8.4520263671875,8.4520263671875,9.4520263671875,83578.39659729571,1066328837.845806,13488773149640.695,835466.333876019,1585.6873418782632,197851.42501822795,55986.51794929506,0.9981056286805554,rocket-dominant,YES,YES,YES,YES,Solve_Succeeded,,OK,835466.333876019,837052.0212178973,0.9981056286805554,88390.18231861074,88557.9439477343,112814839.5298116,1276.3277161615065,0.10003801853935448,0.09984850938617947,0.23636694016980844,,,
campaign_scale,run_bridge_sensitivity.py,mixed_bothfail,mixed,relative,ON,ON,r,0.18,1.2,0.216,cost_opt,8.4520263671875,8.874627685645484,9.874627685645484,82382.62144629532,1051173371.9367652,12699349553773.828,823462.0007756858,1818.3116820194089,220540.34542863825,188780.38481117107,0.9977967344494084,rocket-dominant,YES,YES,YES,YES,Solve_Succeeded,,OK,823462.0007756858,825280.3124577051,0.9977967344494085,83391.70113448767,83575.84090561671,106451949.92666219,1276.5293006193117,0.10004422956820404,0.09982380556366095,0.2672308330873224,,,
campaign_scale,run_bridge_sensitivity.py,mixed_bothfail,mixed,relative,ON,ON,delta_eff,0.8714,0.8,0.69712,tau_star,8.4520263671875,8.4520263671875,9.4520263671875,83661.01867839025,1067155150.8926216,13506262400020.162,836394.9682979558,1074.4169379171265,134039.34533266444,38495.34093505757,0.9987170672064454,rocket-dominant,YES,YES,YES,YES,Solve_Succeeded,,OK,836394.9682979558,837469.3852358729,0.9987170672064454,88488.42944423879,88602.09998388593,112902261.31797802,1275.8985782330296,0.10002573168109614,0.09989740538972318,0.16005283022365327,,,
campaign_scale,run_bridge_sensitivity.py,mixed_bothfail,mixed,relative,ON,ON,delta_eff,0.8714,0.8,0.69712,cost_opt,8.4520263671875,8.874627685644022,9.874627685644022,82430.5430783401,1051523915.2952094,12707838304941.576,824058.9565587656,1230.527320748448,147504.1942232192,122024.79713517384,0.9985089749175478,rocket-dominant,YES,YES,YES,YES,Solve_Succeeded,,OK,824058.9565587656,825289.483879514,0.9985089749175478,83452.15463230101,83576.76969222246,106487449.32671648,1276.0299574757703,0.10002990978044395,0.09988076267596586,0.178730248118312,,,
campaign_scale,run_bridge_sensitivity.py,mixed_bothfail,mixed,relative,ON,ON,delta_eff,0.8714,1.0,0.8714,tau_star,8.4520263671875,8.4520263671875,9.4520263671875,83619.83349104048,1066743150.9172902,13497487815571.324,835932.0722781747,1329.2406582356552,165800.23320563635,47541.46374567155,0.9984123945085032,rocket-dominant,YES,YES,YES,YES,Solve_Succeeded,,OK,835932.0722781747,837261.3129364103,0.9984123945085033,88439.45623978518,88580.0864715046,112858672.783697,1276.112242003209,0.10003185218525047,0.09987304106739657,0.19802686526163285,,,
campaign_scale,run_bridge_sensitivity.py,mixed_bothfail,mixed,relative,ON,ON,delta_eff,0.8714,1.0,0.8714,cost_opt,8.4520263671875,8.874627685646338,9.874627685646338,82407.25196166938,1051353121.2261822,12703724021242.232,823768.7535986924,1516.5456221456411,182757.42894193143,162878.8239368307,0.9981623983565714,rocket-dominant,YES,YES,YES,YES,Solve_Succeeded,,OK,823768.7535986924,825285.299220838,0.9981623983565714,83422.76588271926,83576.34591332133,106470153.07264888,1276.272153602903,0.10003687515661093,0.09985304723041968,0.22144757590432662,,,
campaign_scale,run_bridge_sensitivity.py,mixed_bothfail,mixed,relative,ON,ON,delta_eff,0.8714,1.2,0.999,tau_star,8.4520263671875,8.4520263671875,9.4520263671875,83589.67793258477,1066441434.4342538,13491131850836.816,835593.1520057409,1515.7736788376685,189033.73572862023,53929.82973055,0.9981892754546868,rocket-dominant,YES,YES,YES,YES,Solve_Succeeded,,OK,835593.1520057409,837108.9256845786,0.9981892754546869,88403.59934949865,88563.96429347507,112826751.95832944,1276.2687581562743,0.10003633674107765,0.09985519849071738,0.22581736967388144,,,
campaign_scale,run_bridge_sensitivity.py,mixed_bothfail,mixed,relative,ON,ON,delta_eff,0.8714,1.2,0.999,cost_opt,8.4520263671875,8.87462768564254,9.87462768564254,82390.43549023694,1051230441.26286,12700713096697.504,823559.2722465902,1722.8063646181229,208553.1421895946,166490.30334294736,0.9979124636178732,rocket-dominant,YES,YES,YES,YES,Solve_Succeeded,,OK,823559.2722465902,825282.0786112084,0.9979124636178732,83401.55178144333,83576.01976337272,106457729.31685542,1276.4478243262379,0.10004190137460754,0.09983306026575091,0.25270528416241583,,,
