ScenarioLabel,Policy,t_yr,A_Mt,M_build_Mt,S_ops_Mt,FE_klaunch_per_yr,FA_klaunch_per_yr,U_se_Mt_per_yr,Phi_se_Mt_per_yr,rocket_health,Delivered_Mt_per_yr
mixed_sefail,cost_opt,0.0,-4.962297044870133e-38,9.107107657980464e-47,0.0,94.99328813749794,0.0,0.009358834994052323,0.009358835999998635,1.0,11.874161017187243
mixed_sefail,cost_opt,0.03365742187538873,0.00031499425765697076,0.39965364677176596,0.0,94.99098620207913,0.006274497251221993,0.009414561870453704,0.009414562876400278,1.0,11.874657587416294
mixed_sefail,cost_opt,0.06731484375077745,0.0006054662131727367,0.7993240068172217,0.0,94.99068605630724,0.006875770254401774,0.009470613717883183,0.009470614723829894,1.0,11.874695228320205
mixed_sefail,cost_opt,0.10097226562616618,0.0008952950669730435,1.1989956337584602,0.0,94.99043012015656,0.007350347078434099,0.009526992349580295,0.009526993355527098,1.0,11.874722558404374
mixed_sefail,cost_opt,0.1346296875015549,0.001185024851117795,1.5986681805598715,0.0,94.99019850704957,0.007754549165891505,0.009583699587924663,0.009583700593871538,1.0,11.874744132026935
mixed_sefail,cost_opt,0.16828710937694363,0.0014749627046843326,1.9983414534737987,0.0,94.98998257443607,0.008112855169368983,0.009640737264470184,0.009640738270417113,1.0,11.87476192870068
mixed_sefail,cost_opt,0.20194453125233236,0.001765312842353214,2.398015325377882,0.0,94.98977763966535,0.008438524213248477,0.009698107219979204,0.009698108225926183,1.0,11.874777020484824
mixed_sefail,cost_opt,0.2356019531277211,0.002056223757267434,2.7976897052325116,0.0,94.98958085383757,0.008739619844301908,0.009755811304456699,0.009755812310403717,1.0,11.874790059210234
mixed_sefail,cost_opt,0.2692593750031098,0.002347810080061946,3.1973645239370225,0.0,94.98939034189418,0.00902144639444064,0.009813851377184367,0.009813852383131422,1.0,11.874801473536078
mixed_sefail,cost_opt,0.30291679687849854,0.0026401641876832183,3.597039726818314,0.0,94.98920479730452,0.009287697349260703,0.009872229306754712,0.009872230312701798,1.0,11.874811561831724
mixed_sefail,cost_opt,0.33657421875388727,0.0029333629808193633,3.996715269245628,0.0,94.98902326937385,0.009541057965266097,0.00993094697110506,0.009930947977052174,1.0,11.874820540917389
mixed_sefail,cost_opt,0.370231640629276,0.0032274721260136478,4.396391113885817,0.0,94.98884504236203,0.009783547761287927,0.009990006257551488,0.00999000726349863,1.0,11.874828573765415
mixed_sefail,cost_opt,0.4038890625046647,0.003522548856856871,4.796067228890959,0.0,94.98866956238773,0.010016727620354151,0.010049409062822683,0.010049410068769847,1.0,11.87483578625101
mixed_sefail,cost_opt,0.43754648438005345,0.003818643903866509,5.195743586649773,0.0,94.9884963909794,0.010241831393362252,0.010109157293093677,0.010109158299040863,1.0,11.874842277796597
mixed_sefail,cost_opt,0.4712039062554422,0.004115802870686951,5.595420162897275,0.0,94.98832517436004,0.010459852923986582,0.010169252864019448,0.010169253869966656,1.0,11.874848128410504
mixed_sefail,cost_opt,0.504861328130831,0.004414067244161617,5.995096936061358,0.0,94.98815562239454,0.010671605696751149,0.010229697700768321,0.010229698706715548,1.0,11.874853403511413
mixed_sefail,cost_opt,0.5385187500062196,0.004713475153456151,6.394773886771738,0.0,94.98798749380981,0.010877764713651926,0.010290493738055153,0.010290494744002399,1.0,11.874858157315433
mixed_sefail,cost_opt,0.5721761718816083,0.005014061953000345,6.794450997482905,0.0,94.9878205854706,0.011078896877267593,0.010351642920174155,0.010351643926121416,1.0,11.874862435293483
mixed_sefail,cost_opt,0.6058335937569971,0.005315860677604012,7.194128252179783,0.0,94.98765472451608,0.011275483271406074,0.010413147201031286,0.010413148206978565,1.0,11.874866275973435
mixed_sefail,cost_opt,0.6394910156323859,0.0056189024038353205,7.593805636144047,0.0,94.98748976242881,0.011467935964683776,0.010475008544176066,0.01047500955012336,1.0,11.874869712299189
mixed_sefail,cost_opt,0.6731484375077745,0.005923216540704542,7.993483135766177,0.0,94.9873255705165,0.011656610812034807,0.010537228922832516,0.010537229928779824,1.0,11.874872772666068
mixed_sefail,cost_opt,0.7068058593831632,0.0062288310664906305,8.393160738392366,0.0,94.98716203639451,0.01184181742074396,0.01059981031992898,0.010599811325876302,1.0,11.874875481726907
mixed_sefail,cost_opt,0.740463281258552,0.006535772723639917,8.79283843219856,0.0,94.98699906124062,0.012023826928456903,0.010662754728126372,0.010662755734073706,1.0,11.874877861021135
mixed_sefail,cost_opt,0.7741207031339408,0.006844067180942295,9.19251620608566,0.0,94.98683655759523,0.012202878235323778,0.01072606414984417,0.010726065155791518,1.0,11.87487992947882
mixed_sefail,cost_opt,0.8077781250093294,0.007153739169488546,9.592194049591715,0.0,94.98667444761327,0.012379182957759777,0.010789740597283349,0.010789741603230709,1.0,11.874881703821378
mixed_sefail,cost_opt,0.8414355468847181,0.007464812597787077,9.991871952817567,0.0,94.9865126616281,0.012552929496016324,0.010853786092444988,0.010853787098392359,1.0,11.874883198890515
mixed_sefail,cost_opt,0.8750929687601069,0.007777310649768296,10.39154990636359,0.0,94.98635113698249,0.012724286347221704,0.010918202667142763,0.010918203673090146,1.0,11.874884427916214
mixed_sefail,cost_opt,0.9087503906354957,0.008091255868850854,10.79122790127545,0.0,94.98618981706849,0.012893404825346533,0.010982992363007002,0.010982993368954395,1.0,11.874885402736732
mixed_sefail,cost_opt,0.9424078125108843,0.008406670230564645,11.190905928997255,0.0,94.9860286505211,0.013060421345880917,0.011048157231476709,0.011048158237424112,1.0,11.874886133983374
mixed_sefail,cost_opt,0.976065234386273,0.008723575205561504,11.590583981330937,0.0,94.98586759055392,0.01322545930848125,0.01111369933377481,0.011113700339722223,1.0,11.874886631232801
mixed_sefail,cost_opt,1.009722656261662,0.009041991814704421,11.990262050400755,0.0,94.9857065943773,0.013388630745046128,0.011179620740859729,0.011179621746807152,1.0,11.874886903140293
mixed_sefail,cost_opt,1.0433800781370506,0.009361940677221407,12.389940128622277,0.0,94.98554562273404,0.013550037636373673,0.011245923533343718,0.01124592453929115,1.0,11.874886957546302
mixed_sefail,cost_opt,1.0770375000124393,0.009683442053317164,12.789618208674963,0.0,94.98538463947482,0.013709773115224427,0.01131260980136432,0.011312610807311762,1.0,11.874886801573755
mixed_sefail,cost_opt,1.110694921887828,0.01000651588171897,13.189296283478017,0.0,94.98522361123104,0.013867922394575882,0.01137968164438994,0.01137968265033739,1.0,11.874886441703204
mixed_sefail,cost_opt,1.1443523437632166,0.010331181813310645,13.588974346168754,0.0,94.98506250707716,0.014024563724547344,0.011447141170932623,0.011447142176880082,1.0,11.874885883850213
mixed_sefail,cost_opt,1.1780097656386055,0.010657459240730935,13.9886523900836,0.0,94.98490129830566,0.014179769033332871,0.011514990498130151,0.011514991504077619,1.0,11.874885133417374
mixed_sefail,cost_opt,1.2116671875139942,0.010985367325261286,14.38833040874081,0.0,94.98473995816632,0.01433360466761394,0.011583231751144177,0.011583232757091652,1.0,11.874884195354243
mixed_sefail,cost_opt,1.2453246093893828,0.011314925020578327,14.788008395825234,0.0,94.984578461705,0.014486131852999407,0.011651867062299263,0.011651868068246746,1.0,11.87488307419475
mixed_sefail,cost_opt,1.2789820312647717,0.011646151094540216,15.187686345174319,0.0,94.98441678555787,0.014637407283481545,0.011720898569857087,0.011720899575804578,1.0,11.87488177410517
mixed_sefail,cost_opt,1.3126394531401604,0.011979064148451783,15.58736425076574,0.0,94.98425490782172,0.01478748349546226,0.011790328416276814,0.011790329422224313,1.0,11.874880298914649
mixed_sefail,cost_opt,1.346296875015549,0.01231368263469753,15.987042106706053,0.0,94.98409280790193,0.014936409310374783,0.011860158745751897,0.011860159751699403,1.0,11.874878652151539
mixed_sefail,cost_opt,1.3799542968909377,0.012650024872429538,16.386719907220566,0.0,94.98393046644652,0.01508423003642457,0.011930391700727716,0.011930392706675228,1.0,11.874876837060368
mixed_sefail,cost_opt,1.4136117187663264,0.012988109062289397,16.78639764664379,0.0,94.98376786517105,0.015230987986940708,0.01200102941698403,0.01200103042293155,1.0,11.874874856644748
mixed_sefail,cost_opt,1.4472691406417153,0.013327953298783848,17.186075319411326,0.0,94.98360498685196,0.015376722529651572,0.012072074016696013,0.012072075022643541,1.0,11.874872713672701
mixed_sefail,cost_opt,1.480926562517104,0.013669575582219547,17.585752920051952,0.0,94.98344181519238,0.015521470510936,0.012143527598648432,0.012143528604595964,1.0,11.874870410712914
mixed_sefail,cost_opt,1.5145839843924926,0.01401299382852356,17.985430443180885,0.0,94.9832783348256,0.01566526630689091,0.012215392224440362,0.012215393230387901,1.0,11.874867950141562
mixed_sefail,cost_opt,1.5482414062678815,0.014358225878384725,18.385107883493333,0.0,94.98311453122454,0.015808142166144925,0.012287669899043023,0.012287670904990569,1.0,11.874865334173837
mixed_sefail,cost_opt,1.5818988281432702,0.014705289504298323,18.784785235759053,0.0,94.98295039074674,0.015950128204915634,0.012360362543404606,0.012360363549352157,1.0,11.874862564868957
mixed_sefail,cost_opt,1.6155562500186589,0.015054202416709522,19.184462494817105,0.0,94.98278590054353,0.0160912528346772,0.012433471955854324,0.012433472961801882,1.0,11.874859644172277
mixed_sefail,cost_opt,1.6492136718940476,0.015404982267058491,19.58413965557204,0.0,94.98262104871868,0.016231542555343183,0.012506999757731462,0.012507000763679025,1.0,11.874856573909256
mixed_sefail,cost_opt,1.6828710937694362,0.015757646649865654,19.98381671298984,0.0,94.98245582427859,0.016371022436324902,0.012580947316797517,0.012580948322745084,1.0,11.874853355839365
mixed_sefail,cost_opt,1.7165285156448251,0.016112213100215295,20.3834936620957,0.0,94.98229021737602,0.01650971590555363,0.012655315639359132,0.012655316645306705,1.0,11.874849991660197
mixed_sefail,cost_opt,1.7501859375202138,0.01646869908849591,20.783170497971962,0.0,94.98212421939178,0.016647645192942886,0.012730105218325268,0.012730106224272848,1.0,11.874846483073092
mixed_sefail,cost_opt,1.7838433593956025,0.016827122008160837,21.18284721575823,0.0,94.98195782337946,0.016784831022468645,0.012805315819206348,0.012805316825153934,1.0,11.87484283180024
mixed_sefail,cost_opt,1.8175007812709914,0.01718749915758166,21.582523810652066,0.0,94.98179102432857,0.016921293204401132,0.012880946178718714,0.012880947184666305,1.0,11.874839039691624
mixed_sefail,cost_opt,1.85115820314638,0.01754984770926576,21.9822002779133,0.0,94.98162382000481,0.017057050143074445,0.01295699358031813,0.012956994586265726,1.0,11.874835108768487
mixed_sefail,cost_opt,1.8848156250217687,0.017914184666858343,22.3818766128698,0.0,94.98145621166218,0.017192119474399227,0.013033453256430785,0.013033454262378386,1.0,11.874831041392072
mixed_sefail,cost_opt,1.9184730468971574,0.01828052679934295,22.781552810928893,0.0,94.98128820550774,0.017326517657773207,0.013110317546665189,0.013110318552612793,1.0,11.87482684039569
mixed_sefail,cost_opt,1.952130468772546,0.01864889054862649,23.18122886759328,0.0,94.98111981439426,0.01746026044830318,0.013187574712465646,0.013187575718413254,1.0,11.87482250935532
mixed_sefail,cost_opt,1.985787890647935,0.019019291895241815,23.580904778486016,0.0,94.98095106057022,0.01759336252291804,0.01326520726812993,0.013265208274077546,1.0,11.874818052886642
mixed_sefail,cost_opt,2.019445312523324,0.019391746169449674,23.980580539385503,0.0,94.9807819791662,0.01772583804483461,0.013343189631129824,0.013343190637077444,1.0,11.87481347715138
mixed_sefail,cost_opt,2.0531027343987125,0.019766267780881697,24.38025614627754,0.0,94.98061262355053,0.01785770018959297,0.013421484814633112,0.013421485820580736,1.0,11.874808790467515
mixed_sefail,cost_opt,2.086760156274101,0.020142869838856256,24.77993159542788,0.0,94.9804430724447,0.017988961672350937,0.013500039772822887,0.013500040778770516,1.0,11.87480400426463
mixed_sefail,cost_opt,2.12041757814949,0.02052156361381137,25.17960688348697,0.0,94.98027344032042,0.018119634393968874,0.013578778852279432,0.013578779858227067,1.0,11.874799134339298
mixed_sefail,cost_opt,2.1540750000248785,0.020902357779816944,25.579282007636927,0.0,94.9801038917016,0.018249729848836486,0.013657594582753094,0.013657595588700732,1.0,11.874794202693806
mixed_sefail,cost_opt,2.187732421900267,0.021285257345412416,25.97895696580041,0.0,94.97993466157864,0.01837925880934014,0.013736334734136428,0.013736335740084071,1.0,11.874789240048498
mixed_sefail,cost_opt,2.221389843775656,0.02167026215014294,26.37863175693405,0.0,94.97976608373199,0.01850823185467173,0.013814784141108,0.013814785147055643,1.0,11.874784289448332
mixed_sefail,cost_opt,2.2550472656510445,0.022057364747135117,26.77830638144325,0.0,94.9795986309137,0.018636658824559296,0.013892639210378342,0.013892640216325991,1.0,11.874779411217283
mixed_sefail,cost_opt,2.288704687526433,0.022446547429950652,27.17798084176377,0.0,94.97943297057381,0.018764549580216505,0.013969472223893963,0.013969473229841614,1.0,11.874774690019253
mixed_sefail,cost_opt,2.3223621094018223,0.0228377780547764,27.577655143180934,0.0,94.97927004330349,0.018891913386402427,0.014044681470370884,0.014044682476318543,1.0,11.874770244586237
mixed_sefail,cost_opt,2.356019531277211,0.023231004186770196,27.977329294976286,0.0,94.97911117146528,0.01901875973330579,0.01411742180860236,0.014117422814550022,1.0,11.874766241399822
mixed_sefail,cost_opt,2.3896769531525996,0.02362614490588882,28.377003312034706,0.0,94.97895821033731,0.019145097794377612,0.014186508435124466,0.014186509441072134,1.0,11.874762913516461
mixed_sefail,cost_opt,2.4233343750279883,0.024023079376064696,28.77667721708515,0.0,94.97881375563875,0.019270937252244894,0.01425028440080763,0.014250285406755301,1.0,11.874760586611375
mixed_sefail,cost_opt,2.456991796903377,0.024421630951857832,29.176351043817967,0.0,94.97868142704962,0.019396287913914328,0.01430643995367187,0.014306440959619544,1.0,11.874759714370443
mixed_sefail,cost_opt,2.4906492187787657,0.024821545206271594,29.5760248411934,0.0,94.97856624898326,0.019521160685235385,0.014351769577206621,0.014351770583154299,1.0,11.87476092620856
mixed_sefail,cost_opt,2.5243066406541543,0.02522245977700498,29.975698679356185,0.0,94.97847515284991,0.019645567411336398,0.014381851833263216,0.014381852839210897,1.0,11.874765090032655
mixed_sefail,cost_opt,2.5579640625295434,0.02562386343771336,30.375372657662552,0.0,94.97841761828576,0.0197695221641849,0.014390640288811514,0.014390641294759199,1.0,11.874773392556243
mixed_sefail,cost_opt,2.591621484404932,0.026025041395501502,30.775046915410456,0.0,94.97840645407707,0.019893041506889822,0.014369965617293028,0.014369966623240714,1.0,11.874787436947996
mixed_sefail,cost_opt,2.625278906280321,0.02642500382931981,31.17472164585638,0.0,94.97845867291109,0.020016146369039593,0.014308977522728479,0.014308978528676169,1.0,11.874809352410017
mixed_sefail,cost_opt,2.6589363281557095,0.02682239563707495,31.574397113920252,0.0,94.97859632559677,0.020138863328162483,0.01419361263507303,0.014193613641020722,1.0,11.874841898615616
mixed_sefail,cost_opt,2.692593750031098,0.027215388268078608,31.9740736774055,0.0,94.97884700074464,0.0202612276545601,0.01400627527841944,0.014006276284367134,1.0,11.8748885285499
mixed_sefail,cost_opt,2.726251171906487,0.027601560798166846,32.37375181033412,0.0,94.97924346108678,0.020383285833400048,0.013726068748056604,0.013726069754004304,1.0,11.874953343365023
mixed_sefail,cost_opt,2.7599085937818755,0.027977788778398106,32.773432124762316,0.0,94.9798216121566,0.020505100289784934,0.013330089212359973,0.013330090218307677,1.0,11.875040839055798
mixed_sefail,cost_opt,2.793566015657264,0.028340176613273767,33.17311538406989,0.0,94.9806158541475,0.02062675213245104,0.01279638828461692,0.012796389290564623,1.0,11.875155325784995
mixed_sefail,cost_opt,2.827223437532653,0.02868408963994528,33.572802496705606,0.0,94.98165119406093,0.020748344447545693,0.012109000788553101,0.012109001794500803,1.0,11.875299942313559
mixed_sefail,cost_opt,2.860880859408042,0.02900435541518916,33.97249447676083,0.0,94.98293275074508,0.020870000215157673,0.01126463577025078,0.011264636776198466,1.0,11.87547534387003
mixed_sefail,cost_opt,2.8945382812834306,0.02929569021335846,34.37219236038024,0.0,94.98443554095489,0.0209918578882894,0.010279188888325255,0.01027918989427292,1.0,11.875678424855398
mixed_sefail,cost_opt,2.9281957031588193,0.029553344733197835,34.771897079182054,0.0,94.98609964112362,0.021114062658956018,0.00919082875838006,0.009190829764327727,1.0,11.875901712972821
mixed_sefail,cost_opt,2.961853125034208,0.029773853719801104,35.171609313286226,0.0,94.98783564005609,0.021236761116546682,0.008056522063983971,0.008056523069931622,1.0,11.876134050146579
mixed_sefail,cost_opt,2.9955105469095966,0.02995566865323618,35.57132936726068,0.0,94.98954105567951,0.021360099434574398,0.006941568275987376,0.006941569281935005,1.0,11.87636264438926
mixed_sefail,cost_opt,3.0291679687849853,0.03009943821043169,35.971057115128,0.0,94.99112198738959,0.02148422654775451,0.005905795550913926,0.005905796556861527,1.0,11.87657577674217
mixed_sefail,cost_opt,3.062825390660374,0.030207824103225565,36.370792036480836,0.0,94.99251086758427,0.021609293817358863,0.004992244192290639,0.004992245198238205,1.0,11.876765020175204
mixed_sefail,cost_opt,3.096482812535763,0.03028493603230544,36.770533327279736,0.0,94.99367388887448,0.02173545135763044,0.004222432629989309,0.004222433635936832,1.0,11.876926167529014
mixed_sefail,cost_opt,3.1301402344111517,0.03033560732167393,37.170280041883096,0.0,94.99460792266997,0.0218628400196336,0.0035983236328749457,0.0035983246388224216,1.0,11.877058845336201
mixed_sefail,cost_opt,3.1637976562865404,0.030364736764487917,37.5700312220794,0.0,94.99533134686762,0.021991585792441447,0.0031081729263989404,0.0031081739323463656,1.0,11.877165366582506
mixed_sefail,cost_opt,3.197455078161929,0.03037682734184276,37.96978598750623,0.0,94.99587385297608,0.022121796550204433,0.0027330278877552823,0.002733028893702656,1.0,11.877249456190786
mixed_sefail,cost_opt,3.2311125000373178,0.030375743684566674,38.36954358317247,0.0,94.99626836760537,0.022253563755111398,0.002451877215065811,0.002451878221013136,1.0,11.87731524142006
mixed_sefail,cost_opt,3.2647699219127064,0.030364642852438718,38.76930339299993,0.0,94.99654599983526,0.022386964457484254,0.002244871529078818,0.002244872535026103,1.0,11.877366620536593
mixed_sefail,cost_opt,3.298427343788095,0.030346013502142114,39.16906493211599,0.0,94.99673358372542,0.02252206551565954,0.0020948890720816713,0.00209489007802892,1.0,11.877406956155134
mixed_sefail,cost_opt,3.3320847656634838,0.030321767734852595,39.56882782882498,0.0,94.99685295822675,0.022658925646333858,0.0019879943018662957,0.0019879953078135123,1.0,11.877438985484138
mixed_sefail,cost_opt,3.3657421875388724,0.030293348370291164,39.96859180355861,0.0,94.99692120275506,0.022797598930797153,0.0019132869234513583,0.001913287929398557,1.0,11.877464850210732
mixed_sefail,cost_opt,3.3993996094142616,0.03026183112482246,40.36835664883225,0.0,94.99695128924802,0.022938135494618553,0.001862486049573488,0.001862487055520668,1.0,11.877486178092829
mixed_sefail,cost_opt,3.4330570312896502,0.03022801279060783,40.768122211947414,0.0,94.99695283347471,0.02308058393870644,0.0018294506932576293,0.0018294516992048003,1.0,11.877504177176677
mixed_sefail,cost_opt,3.466714453165039,0.030192483265546608,41.16788838086535,0.0,94.99693278916746,0.0232249910924645,0.001809737314512001,0.0018097383204591674,1.0,11.87751972253249
mixed_sefail,cost_opt,3.5003718750404276,0.030155682692418365,41.56765507299987,0.0,94.99689601872217,0.02337140391512143,0.0018002355708024035,0.0018002365767495689,1.0,11.877533427829661
mixed_sefail,cost_opt,3.5340292969158162,0.030117946330326027,41.967422226419366,0.0,94.99684572578678,0.02351986869691154,0.001798892721711289,0.0017988937276584567,1.0,11.877545699310462
mixed_sefail,cost_opt,3.567686718791205,0.030079540153671015,42.36718979286527,0.0,94.99678375218313,0.023670432540993283,0.0018045240079098152,0.0018045250138569876,1.0,11.877556773090516
mixed_sefail,cost_opt,3.6013441406665936,0.030040690062738865,42.76695773202606,0.0,94.99671075041016,0.023823142379690274,0.0018167029016328117,0.0018167039075799906,1.0,11.87756673659873
mixed_sefail,cost_opt,3.6350015625419827,0.030001607404537525,43.16672600653284,0.0,94.99662623720981,0.023978046169273966,0.0018357266896062681,0.0018357276955534574,1.0,11.877575535422386
mixed_sefail,cost_opt,3.6686589844173714,0.029962513330219164,43.56649457718535,0.0,94.99652853071838,0.024135191695043735,0.0018626568079551974,0.0018626578139023988,1.0,11.877582965301677
mixed_sefail,cost_opt,3.70231640629276,0.029923664515098144,43.96626339790844,0.0,94.99641456276801,0.024294627477368266,0.001899438296056044,0.0018994393020032609,1.0,11.877588648780673
mixed_sefail,cost_opt,3.7359738281681487,0.029885382895365874,44.36603240992278,0.0,94.9962795532914,0.02445640127257569,0.0019491077008526312,0.001949108706799867,1.0,11.877591994320497
mixed_sefail,cost_opt,3.7696312500435374,0.02984809240863593,44.765801534539364,0.0,94.99611652469768,0.02462056063587987,0.0020161025354933446,0.0020161035414406037,1.0,11.877592135666696
mixed_sefail,cost_opt,3.803288671918926,0.029812366147700768,45.16557066391329,0.0,94.99591563683406,0.024787150629991643,0.002106685756921657,0.0021066867628689425,1.0,11.877587848433006
mixed_sefail,cost_opt,3.8369460937943147,0.02977898781075005,45.56533964899,0.0,94.99566333114933,0.02495621368068076,0.0022294913940411093,0.0022294923999884295,1.0,11.877577443103752
mixed_sefail,cost_opt,3.8706035156697034,0.029749031516633967,45.965108283850135,0.0,94.99534131213477,0.025127785990470566,0.0023961746864619533,0.0023961756924093147,1.0,11.877558637265658
mixed_sefail,cost_opt,3.904260937545092,0.029723963517208872,46.36487628575426,0.0,94.99492546999869,0.025301895653644244,0.0026220993038376292,0.002622100309785037,1.0,11.877528420706543
mixed_sefail,cost_opt,3.937918359420481,0.02970576704764458,46.76464327064689,0.0,94.99438500299203,0.02547855645805081,0.0029268982589417828,0.0029268992648892444,1.0,11.877482944931261
mixed_sefail,cost_opt,3.97157578129587,0.029697086081696557,47.164408724942184,0.0,94.99368223945315,0.02565776282103105,0.0033345884948447696,0.003334589500792285,1.0,11.877417500284272
mixed_sefail,cost_opt,4.005233203171258,0.029701372964992603,47.56417197653938,0.0,94.99277399411032,0.025839479940136037,0.0038727084602370393,0.0038727094661846085,1.0,11.877326684256307
mixed_sefail,cost_opt,4.038890625046648,0.029723007062765965,47.9639321715032,0.0,94.99161558928598,0.026023635511377964,0.0045697564568273905,0.00456975746277501,1.0,11.87720490309967
mixed_sefail,cost_opt,4.072548046922036,0.02976732722380896,48.36368826762727,0.0,94.99016863033859,0.026210109744784986,0.005450236041938155,0.0054502370478858204,1.0,11.877047342510421
mixed_sefail,cost_opt,4.106205468797425,0.029840497527457863,48.763439060668105,0.0,94.98841269751432,0.026398732718854748,0.0065272030646277525,0.006527204070575458,1.0,11.876851428779148
mixed_sefail,cost_opt,4.139862890672814,0.029949122194158604,49.16318325975784,0.0,94.98635888128206,0.026589287903319464,0.0077936360878472265,0.007793637093794966,1.0,11.876618521148172
mixed_sefail,cost_opt,4.173520312548202,0.030099570031869506,49.562919619777176,0.0,94.9840600261146,0.0267815267020844,0.009215902694094962,0.009215903700042728,1.0,11.876355194102088
mixed_sefail,cost_opt,4.207177734423591,0.030297078913972313,49.962647116887034,0.0,94.98161089018112,0.026975184279125375,0.010733654113459926,0.010733655119407713,1.0,11.87607325930753
mixed_sefail,cost_opt,4.24083515629898,0.030544856644052425,50.36236512479857,0.0,94.97913412837835,0.027169991728850436,0.012268758308535353,0.012268759314483157,1.0,11.8757880150134
mixed_sefail,cost_opt,4.274492578174368,0.030843482434083885,50.76207353212256,0.0,94.97675527860326,0.027365677424388973,0.013741245939988817,0.013741246945936635,1.0,11.875515119503458
mixed_sefail,cost_opt,4.308150000049757,0.03119084507703225,51.161772754487245,0.0,94.97457686020046,0.0275619684066464,0.015085822312464588,0.015085823318412416,1.0,11.875267353575888
mixed_sefail,cost_opt,4.341807421925146,0.0315826368631427,51.56146363768958,0.0,94.97266217701146,0.027758596559816016,0.016262191548486453,0.01626219255443429,1.0,11.87505259669641
mixed_sefail,cost_opt,4.375464843800534,0.03201319495532318,51.961147292729024,0.0,94.97103305844288,0.027955314278891204,0.017256493126938655,0.017256494132886498,1.0,11.874873546590223
mixed_sefail,cost_opt,4.409122265675923,0.03247639104879333,52.360824921403506,0.0,94.96967833772081,0.0281519077793432,0.0180758939898816,0.01807589499582943,1.0,11.87472878068752
mixed_sefail,cost_opt,4.442779687551312,0.032966338958994784,52.76049767763092,0.0,94.96856657816545,0.028348206828884743,0.018740473343412476,0.01874047434936031,1.0,11.874614348124291
mixed_sefail,cost_opt,4.4764371094267,0.033477829031877175,53.160166582353284,0.0,94.9676577376629,0.028544082844244263,0.01927578698092745,0.0192757879868753,1.0,11.874525227563394
mixed_sefail,cost_opt,4.510094531302089,0.03400651229648253,53.559832487507336,0.0,94.96691134050886,0.02873944486714377,0.0197076586377648,0.01970765964371265,1.0,11.874456348172
mixed_sefail,cost_opt,4.543751953177478,0.034548909324885184,53.95949607435865,0.0,94.96629102305376,0.028934229962138718,0.020059284304523285,0.020059285310471138,1.0,11.874403156626986
mixed_sefail,cost_opt,4.577409375052866,0.03510232167118149,54.359157870919695,0.0,94.96576636526785,0.029128397369160786,0.020350065921783424,0.02035006692773128,1.0,11.874361845329627
mixed_sefail,cost_opt,4.611066796928256,0.03566470408025195,54.758818277048974,0.0,94.9653130769834,0.029321920622197163,0.020595494425509855,0.020595495431457726,1.0,11.8743293747007
mixed_sefail,cost_opt,4.644724218803645,0.03623453279329131,55.15847759030059,0.0,94.96491236390591,0.029514784322104453,0.020807554641781464,0.020807555647729337,1.0,11.874303393528502
mixed_sefail,cost_opt,4.678381640679033,0.03681068749462867,55.55813602909294,0.0,94.96454999753705,0.029706979489099766,0.020995319257224872,0.02099532026317275,1.0,11.87428212212827
mixed_sefail,cost_opt,4.712039062554422,0.03739235326961405,55.9577937519448,0.0,94.96421536812437,0.029898502473353683,0.02116555280892016,0.02116555381486804,1.0,11.874264233824718
mixed_sefail,cost_opt,4.745696484429811,0.03797894289583119,56.35745087272248,0.0,94.96390064860006,0.030089352204827332,0.021323245292196157,0.021323246298144038,1.0,11.87424875010061
mixed_sefail,cost_opt,4.779353906305199,0.03857003710574365,56.75710747235792,0.0,94.9636001076707,0.03027953014538955,0.02147205007682921,0.021472051082777093,1.0,11.874234954727012
mixed_sefail,cost_opt,4.813011328180588,0.03916533958867248,57.15676360767665,0.0,94.9633095710043,0.030469038441210624,0.02161462781591815,0.021614628821866037,1.0,11.87422232618069
mixed_sefail,cost_opt,4.846668750055977,0.03976464357563319,57.556419317951075,0.0,94.96302600905477,0.03065788065615091,0.021752909042717223,0.02175291004866511,1.0,11.874210486213865
mixed_sefail,cost_opt,4.880326171931365,0.04036780725941971,57.956074629722735,0.0,94.96274722889115,0.03084606024144958,0.02188829097379566,0.02188829197974355,1.0,11.874199161141574
mixed_sefail,cost_opt,4.913983593806754,0.040974735845013495,58.35572956032166,0.0,94.96247164540462,0.03103358151854501,0.022021783143398775,0.02202178414934667,1.0,11.874188153365395
mixed_sefail,cost_opt,4.947641015682143,0.04158536849753495,58.75538412042723,0.0,94.96219811432562,0.031220448001825152,0.0221541142325017,0.022154115238449595,1.0,11.87417732029093
mixed_sefail,cost_opt,4.981298437557531,0.042199668892841796,59.155038315919434,0.0,94.96192580944427,0.03140666411351299,0.022285809954675974,0.022285810960623872,1.0,11.874166559194723
mixed_sefail,cost_opt,5.01495585943292,0.042817618382350174,59.554692149220884,0.0,94.9616541346104,0.03159223322615847,0.022417249596786423,0.022417250602734324,1.0,11.874155795979572
mixed_sefail,cost_opt,5.048613281308309,0.04343921106910529,59.954345620260256,0.0,94.96138265889631,0.03177715949622575,0.02254870693990517,0.02254870794585307,1.0,11.874144977299068
mixed_sefail,cost_opt,5.082270703183697,0.04406445025343043,60.35399872717074,0.0,94.96111107091728,0.031961445945528646,0.022680379811883467,0.022680380817831372,1.0,11.874134064607851
mixed_sefail,cost_opt,5.115928125059087,0.044693345881311033,60.75365146678817,0.0,94.96083914474389,0.032145096331379734,0.022812411397261277,0.022812412403209182,1.0,11.874123030134408
mixed_sefail,cost_opt,5.149585546934476,0.045325912702147295,61.15330383501368,0.0,94.96056671646333,0.03232811333652354,0.02294490558681749,0.022944906592765397,1.0,11.874111853724981
mixed_sefail,cost_opt,5.183242968809864,0.045962168950748436,61.55295582707006,0.0,94.96029366624887,0.03251050027087863,0.023077938025301975,0.023077939031249887,1.0,11.874100520814968
mixed_sefail,cost_opt,5.216900390685253,0.046602135394005484,61.9526074376899,0.0,94.96001990649134,0.032692259379108496,0.02321156405856816,0.023211565064516073,1.0,11.874089020733805
mixed_sefail,cost_opt,5.250557812560642,0.04724583465216454,62.35225866124665,0.0,94.95974537223819,0.032873393531031594,0.023345824448046674,0.02334582545399459,1.0,11.874077345721153
mixed_sefail,cost_opt,5.28421523443603,0.04789329070532251,62.75190949185259,0.0,94.95947001530328,0.03305390465491839,0.023480749478639866,0.02348075048458778,1.0,11.874065489994775
mixed_sefail,cost_opt,5.317872656311419,0.048544528544775464,63.15155992342534,0.0,94.95919379912901,0.033233795171264,0.023616361911116147,0.023616362917064065,1.0,11.874053449287535
mixed_sefail,cost_opt,5.351530078186808,0.049199573917704825,63.55120994973892,0.0,94.9589166959468,0.03341306661019608,0.02375267910372281,0.02375268010967073,1.0,11.874041220319624
mixed_sefail,cost_opt,5.385187500062196,0.04985845314908832,63.95085956445698,0.0,94.95863868386337,0.03359172109052568,0.023889714536632575,0.023889715542580497,1.0,11.874028800619238
mixed_sefail,cost_opt,5.418844921937585,0.05052119300869735,64.35050876115994,0.0,94.95835974572184,0.03376975967970223,0.024027478907222587,0.024027479913170512,1.0,11.874016188175192
mixed_sefail,cost_opt,5.452502343812974,0.05118782062185846,64.75015753336055,0.0,94.95807986718879,0.033947184315683276,0.024165980916961552,0.02416598192290947,1.0,11.874003381438058
mixed_sefail,cost_opt,5.486159765688362,0.05185836339861392,65.1498058745194,0.0,94.95779903663568,0.03412399563124991,0.024305227836712396,0.024305228842660315,1.0,11.873990379033366
mixed_sefail,cost_opt,5.519817187563751,0.052532848991062225,65.54945377805083,0.0,94.95751724371635,0.03430019517878969,0.024445225912833216,0.02444522691878114,1.0,11.873977179861894
mixed_sefail,cost_opt,5.55347460943914,0.05321130525500705,65.94910123733219,0.0,94.95723447960582,0.034475783457564,0.02458598065890209,0.024585981664850022,1.0,11.873963782882923
mixed_sefail,cost_opt,5.587132031314528,0.0538937602297244,66.34874824570576,0.0,94.95695073604892,0.03465076167803502,0.02472749706527272,0.024727498071220638,1.0,11.87395018721587
mixed_sefail,cost_opt,5.620789453189917,0.054580242117360074,66.74839479648425,0.0,94.95666600575834,0.03482512996469066,0.024869779749600057,0.024869780755547986,1.0,11.873936391965378
mixed_sefail,cost_opt,5.654446875065306,0.05527077927495451,67.14804088295016,0.0,94.9563802815606,0.034998889295094204,0.02501283306495996,0.025012834070907895,1.0,11.873922396356962
mixed_sefail,cost_opt,5.688104296940695,0.055965400201948665,67.54768649835997,0.0,94.95609355690347,0.035172039717852176,0.025156661177505132,0.025156662183453072,1.0,11.873908199577665
mixed_sefail,cost_opt,5.721761718816084,0.056664133537800955,67.94733163594279,0.0,94.95580582531511,0.03534458163664704,0.025301268122237066,0.025301269128185006,1.0,11.87389380086897
mixed_sefail,cost_opt,5.7554191406914725,0.057367008056079194,68.3469762889022,0.0,94.95551708059794,0.035516515082538246,0.025446657843056962,0.0254466588490049,1.0,11.87387919946006
mixed_sefail,cost_opt,5.789076562566861,0.05807405266296206,68.74662045041582,0.0,94.95522731656791,0.03568784032572208,0.02559283422152323,0.025592835227471175,1.0,11.873864394611704
mixed_sefail,cost_opt,5.82273398444225,0.05878529639413471,69.14626411363642,0.0,94.95493652734915,0.03585855694851017,0.025739801097495955,0.0257398021034439,1.0,11.873849385537207
mixed_sefail,cost_opt,5.8563914063176385,0.059500768416279395,69.54590727169028,0.0,94.95464470691113,0.03602866509078318,0.025887562283953117,0.025887563289901064,1.0,11.873834171500238
mixed_sefail,cost_opt,5.890048828193027,0.060220498023824856,69.94554991767886,0.0,94.95435184949922,0.036198164183111135,0.026036121577619812,0.02603612258356776,1.0,11.87381875171029
mixed_sefail,cost_opt,5.923706250068416,0.06094451464138352,70.34519204467708,0.0,94.95405794918857,0.03636705417637334,0.026185482766589226,0.026185483772537176,1.0,11.873803125420617
mixed_sefail,cost_opt,5.957363671943805,0.06167284782127192,70.74483364573467,0.0,94.95376300035039,0.03653533419708634,0.02633564963578273,0.02633565064173068,1.0,11.873787291818434
mixed_sefail,cost_opt,5.991021093819193,0.062405527246872185,71.14447471387403,0.0,94.95346699707038,0.03670300417723485,0.026486625970856843,0.026486626976804796,1.0,11.873771250155952
mixed_sefail,cost_opt,6.024678515694582,0.06314258272926802,71.54411524209239,0.0,94.95316993379217,0.036870063019129214,0.026638415560994617,0.02663841656694257,1.0,11.873754999601413
mixed_sefail,cost_opt,6.058335937569971,0.06388404421169545,71.94375522335898,0.0,94.95287180466288,0.037036510440485094,0.026791022200895024,0.026791023206842977,1.0,11.873738539387922
mixed_sefail,cost_opt,6.091993359445359,0.06462994176629794,72.34339465061721,0.0,94.95257260413672,0.0372023452583034,0.026944449692185946,0.026944450698133903,1.0,11.873721868674378
mixed_sefail,cost_opt,6.125650781320748,0.06538030559814896,72.74303351678222,0.0,94.95227232640283,0.03736756700526589,0.02709870184442285,0.027098702850370807,1.0,11.873704986676012
mixed_sefail,cost_opt,6.159308203196137,0.06613516604250794,73.14267181474268,0.0,94.9519709659727,0.037532174262576504,0.02725378247578927,0.02725378348173723,1.0,11.87368789252941
mixed_sefail,cost_opt,6.192965625071526,0.06689455356911363,73.54230953735824,0.0,94.95166851701866,0.03769616653170114,0.027409695413582836,0.027409696419530796,1.0,11.873670585443795
mixed_sefail,cost_opt,6.226623046946915,0.0676584987786192,73.9419466774619,0.0,94.95136497405728,0.0378595422967433,0.02756644449454684,0.027566445500494804,1.0,11.873653064544254
mixed_sefail,cost_opt,6.2602804688223035,0.06842703240719032,74.34158322785727,0.0,94.95106033130301,0.038022300855048576,0.02772403356509053,0.027724034571038492,1.0,11.873635329019757
mixed_sefail,cost_opt,6.293937890697692,0.0692001853234091,74.7412191813206,0.0,94.95075458325161,0.038184440663039484,0.027882466481428832,0.027882467487376796,1.0,11.873617377989332
mixed_sefail,cost_opt,6.327595312573081,0.06997798853214197,75.14085453059855,0.0,94.95044772420331,0.03834596068758986,0.028041747109664186,0.028041748115612154,1.0,11.873599210611363
mixed_sefail,cost_opt,6.3612527344484695,0.070760473172725,75.54048926840937,0.0,94.95013974858983,0.03850685947865655,0.02820187932582605,0.028201880331774017,1.0,11.873580826008562
mixed_sefail,cost_opt,6.394910156323858,0.07154767052105195,75.94012338744187,0.0,94.94983065075432,0.03866713579300339,0.028362867015879697,0.028362868021827664,1.0,11.873562223318416
mixed_sefail,cost_opt,6.428567578199247,0.0723396119890387,76.33975688035576,0.0,94.94952042513016,0.038826788087614555,0.028524714075712724,0.028524715081660695,1.0,11.873543401652222
mixed_sefail,cost_opt,6.4622250000746355,0.0731363291262184,76.7393897397809,0.0,94.94920906605249,0.038985815053964,0.028687424411104837,0.028687425417052808,1.0,11.873524360138306
mixed_sefail,cost_opt,6.495882421950024,0.07393785361908789,77.13902195831778,0.0,94.94889656799003,0.03914421496102816,0.02885100193768544,0.028851002943633408,1.0,11.873505097868883
mixed_sefail,cost_opt,6.529539843825413,0.0747442172932167,77.53865352853634,0.0,94.9485829252123,0.03930198659913312,0.029015450580881903,0.029015451586829877,1.0,11.87348561397643
mixed_sefail,cost_opt,6.5631972657008015,0.07555545211138345,77.9382844429773,0.0,94.94826813230341,0.039459127823446793,0.029180774275860893,0.029180775281808867,1.0,11.873465907515858
mixed_sefail,cost_opt,6.59685468757619,0.07637159017783801,78.33791469414962,0.0,94.94795218347457,0.03961563750308075,0.029346976967463932,0.02934697797341191,1.0,11.873445977622206
mixed_sefail,cost_opt,6.630512109451579,0.0771926637343613,78.7375442745331,0.0,94.94763507320826,0.03977151369530577,0.029514062610138888,0.02951406361608686,1.0,11.873425823362945
mixed_sefail,cost_opt,6.6641695313269675,0.07801870516400417,79.13717317657616,0.0,94.94731679585769,0.03992675478215182,0.029682035167867615,0.029682036173815592,1.0,11.87340544382998
mixed_sefail,cost_opt,6.697826953202356,0.07884974699004195,79.53680139269667,0.0,94.94699734592005,0.0400813586948368,0.02985089861409077,0.029850899620038736,1.0,11.873384838076861
mixed_sefail,cost_opt,6.731484375077745,0.0796858218781895,79.93642891528067,0.0,94.94667671765797,0.040235323987971965,0.030020656931629777,0.030020657937577754,1.0,11.873364005205742
mixed_sefail,cost_opt,6.7651417969531344,0.08052696263429417,80.33605573668393,0.0,94.94635490560849,0.04038864839712948,0.030191314112606848,0.03019131511855483,1.0,11.873342944250702
mixed_sefail,cost_opt,6.798799218828523,0.08137320220809469,80.73568184922975,0.0,94.9460319039839,0.04054133053706406,0.030362874158362422,0.030362875164310407,1.0,11.87332165431512
mixed_sefail,cost_opt,6.832456640703912,0.08222457368983259,81.13530724521124,0.0,94.94570770738345,0.040693367885643136,0.030535341079371045,0.03053534208531903,1.0,11.873300134408638
mixed_sefail,cost_opt,6.8661140625793005,0.08308111031534268,81.53493191688814,0.0,94.94538230999109,0.0408447590568669,0.030708718895155085,0.03070871990110307,1.0,11.873278383630995
mixed_sefail,cost_opt,6.899771484454689,0.0839428454615777,81.93455585648994,0.0,94.94505570641158,0.04099550143328202,0.030883011634196777,0.030883012640144765,1.0,11.873256400980608
mixed_sefail,cost_opt,6.933428906330078,0.08480981265209077,82.3341790562124,0.0,94.94472789085471,0.041145593476457326,0.03105822333384848,0.031058224339796468,1.0,11.873234185541396
mixed_sefail,cost_opt,6.9670863282054665,0.08568204555279435,82.73380150822047,0.0,94.94439885781377,0.04129503280582935,0.03123435804024115,0.03123435904618914,1.0,11.87321173632745
mixed_sefail,cost_opt,7.000743750080855,0.0865595779757987,83.13342320464585,0.0,94.94406860161305,0.04144381748140137,0.03141141980819114,0.031411420814139134,1.0,11.873189052386808
mixed_sefail,cost_opt,7.034401171956244,0.08744244387785066,83.53304413758828,0.0,94.94373711676296,0.04159194499737201,0.031589412701105234,0.031589413707053225,1.0,11.873166132720042
mixed_sefail,cost_opt,7.0680585938316325,0.08833067736300321,83.93266429911381,0.0,94.94340439746337,0.041739413690062954,0.03176834079088405,0.03176834179683204,1.0,11.87314297639418
mixed_sefail,cost_opt,7.101716015707021,0.08922431267935839,84.33228368125712,0.0,94.94307043831468,0.041886220723604296,0.031948208157823614,0.031948209163771606,1.0,11.873119582379784
mixed_sefail,cost_opt,7.13537343758241,0.0901233842242815,84.73190227601823,0.0,94.94273523350444,0.042032364395202984,0.03212901889051532,0.032129019896463315,1.0,11.873095949737454
mixed_sefail,cost_opt,7.1690308594577985,0.09102792653991323,85.13152007536551,0.0,94.94239877765504,0.042177841733434286,0.03231077708574408,0.032310778091692076,1.0,11.87307207742356
mixed_sefail,cost_opt,7.202688281333187,0.09193797431878283,85.53113707123227,0.0,94.94206106489766,0.042322651122789434,0.032493486848384795,0.032493487854332787,1.0,11.873047964502556
mixed_sefail,cost_opt,7.236345703208576,0.09285356239837572,85.93075325552024,0.0,94.94172208984487,0.04246678954813804,0.032677152291297036,0.032677153297245035,1.0,11.873023609924127
mixed_sefail,cost_opt,7.270003125083965,0.09377472576729086,86.33036862009592,0.0,94.94138184677728,0.04261025490027456,0.032861777535217976,0.032861778541165974,1.0,11.872999012709693
mixed_sefail,cost_opt,7.303660546959354,0.09470149956169431,86.72998315679276,0.0,94.94104033018846,0.04275304443157667,0.033047366708653554,0.03304736771460155,1.0,11.872974171827504
mixed_sefail,cost_opt,7.337317968834743,0.09563391906826679,87.12959685740955,0.0,94.94069753434509,0.0428951560035931,0.03323392394776787,0.03323392495371587,1.0,11.872949086293586
mixed_sefail,cost_opt,7.370975390710131,0.09657201972189845,87.52920971371195,0.0,94.94035345384059,0.043036586518558524,0.033421453396270756,0.033421454402218755,1.0,11.872923755044894
mixed_sefail,cost_opt,7.40463281258552,0.09751583710997891,87.92882171742983,0.0,94.94000808292589,0.043177333815890596,0.033609959205303505,0.03360996021125151,1.0,11.872898177092722
mixed_sefail,cost_opt,7.438290234460909,0.09846540696870443,88.32843286025977,0.0,94.93966141615898,0.04331739483253254,0.03379944553332288,0.03379944653927089,1.0,11.87287235137394
mixed_sefail,cost_opt,7.471947656336297,0.09942076518712104,88.7280431338626,0.0,94.93931344787913,0.04345676709340254,0.0339899165459832,0.033989917551931204,1.0,11.872846276871567
mixed_sefail,cost_opt,7.505605078211686,0.10038194780489304,89.1276525298649,0.0,94.93896417264904,0.04359544745842925,0.03418137641601654,0.034181377421964546,1.0,11.872819952513435
mixed_sefail,cost_opt,7.539262500087075,0.10134899101533903,89.5272610398572,0.0,94.93861358481449,0.043733433371815185,0.034373829323111234,0.03437383032905923,1.0,11.872793377273288
mixed_sefail,cost_opt,7.572919921962463,0.1023219311632078,89.9268686553954,0.0,94.93826167897086,0.04387072153959319,0.0345672794537883,0.0345672804597363,1.0,11.872766550063806
mixed_sefail,cost_opt,7.606577343837852,0.10330080474801394,90.3264753679989,0.0,94.93790844946324,0.04400730934768615,0.034761731001276136,0.034761732007224135,1.0,11.872739469851366
mixed_sefail,cost_opt,7.640234765713241,0.1042856484214032,90.72608116915225,0.0,94.93755389101439,0.044143193082259724,0.03495718816538319,0.034957189171331206,1.0,11.872712135512081
mixed_sefail,cost_opt,7.6738921875886295,0.1052764989920008,91.12568605030224,0.0,94.93719799794023,0.044278370153791394,0.035153655152368866,0.03515365615831687,1.0,11.872684546011753
mixed_sefail,cost_opt,7.707549609464018,0.10627339342089842,91.52529000286076,0.0,94.93684076505555,0.044412836531306,0.035351136174812274,0.03535113718076027,1.0,11.872656700198359
mixed_sefail,cost_opt,7.741207031339407,0.10727636882793129,91.92489301820099,0.0,94.93648218675177,0.04454658935531009,0.03554963545147926,0.03554963645742727,1.0,11.872628597013385
mixed_sefail,cost_opt,7.7748644532147955,0.10828546248695783,92.32449508766047,0.0,94.93612225786629,0.044679624476623235,0.03574915720718742,0.03574915821313542,1.0,11.872600235292866
mixed_sefail,cost_opt,7.808521875090184,0.10930071183148928,92.72409620253757,0.0,94.93576097291673,0.044811938625183984,0.03594970567266901,0.035949706678617015,1.0,11.872571613942739
mixed_sefail,cost_opt,7.842179296965574,0.11032215445119012,93.1236963540938,0.0,94.93539832682661,0.044943527355397236,0.0361512850844321,0.03615128609038011,1.0,11.872542731772752
mixed_sefail,cost_opt,7.875836718840962,0.11134982809701821,93.52329553355065,0.0,94.935034314269,0.04507438690636,0.03635389968461958,0.03635390069056759,1.0,11.872513587646923
mixed_sefail,cost_opt,7.909494140716351,0.11238377067853379,93.92289373209137,0.0,94.93466893029542,0.04520451242041951,0.03655755372086613,0.03655755472681415,1.0,11.87248418033948
mixed_sefail,cost_opt,7.94315156259174,0.11342402026869851,94.32249094085793,0.0,94.93430216977636,0.04533389952893431,0.036762251446153374,0.03676225245210139,1.0,11.872454508663163
mixed_sefail,cost_opt,7.976808984467128,0.11447061510199807,94.72208715095236,0.0,94.9339340279451,0.045462542812390545,0.03696799711866272,0.03696799812461074,1.0,11.872424571344686
mixed_sefail,cost_opt,8.010466406342516,0.11552359357903849,95.12168235343384,0.0,94.93356449995626,0.045590437051651,0.037174795001626446,0.037174796007574465,1.0,11.87239436712599
mixed_sefail,cost_opt,8.044123828217906,0.11658299426587297,95.52127653931919,0.0,94.93319358135048,0.04571757591219443,0.0373826493631765,0.03738265036912452,1.0,11.872363894657834
mixed_sefail,cost_opt,8.077781250093295,0.11764885589885953,95.92086969957982,0.0,94.93282126764275,0.045843953110784944,0.037591564476191316,0.037591565482139336,1.0,11.872333152594193
mixed_sefail,cost_opt,8.111438671968683,0.11872121738460492,96.32046182514185,0.0,94.93244755457305,0.04596956170657259,0.0378015446181406,0.03780154562408862,1.0,11.872302139534952
mixed_sefail,cost_opt,8.145096093844073,0.11980011780288591,96.72005290688425,0.0,94.93207241682218,0.04609445439688068,0.03801259407092796,0.03801259507687598,1.0,11.872270858902382
mixed_sefail,cost_opt,8.17875351571946,0.12088559615589008,97.11964293580121,0.0,94.9316945701045,0.046222250383626075,0.03822471712073141,0.03822471812667943,1.0,11.872239602561015
mixed_sefail,cost_opt,8.21241093759485,0.12197767636344098,97.5192319127103,0.0,94.93123895155071,0.046565576784128815,0.038437918057841816,0.03843791906378984,1.0,11.872225566041855
mixed_sefail,cost_opt,8.246068359470238,0.1230754879296886,97.91882041718634,0.0,94.9264038221606,0.05931118746768762,0.038652201176499194,0.038652202182447214,1.0,11.873214376203535
mixed_sefail,cost_opt,8.279725781345627,0.12412688866378216,98.31844220246316,0.0,94.71526894556271,0.6565647219642854,0.03886757077472685,0.03886757178067486,1.0,11.921479208440875
mixed_sefail,cost_opt,8.313383203221015,0.12267278641116253,98.71968845756032,0.0,93.67912451685483,3.5913444705545254,0.03908403115416332,0.03908403216011133,1.0,12.15880862342617
mixed_sefail,cost_opt,8.347040625096405,0.10887882964314675,99.1289226089011,0.0,91.71573195976298,9.153323136568048,0.03930158661989233,0.039301587625840344,1.0,12.608631887041378
mixed_sefail,cost_opt,8.380698046971792,0.0716919624282312,99.55329665159474,0.0,88.81993110779662,17.3565550118822,0.03952024148027129,0.0395202424862183,1.0,13.272060764959853
mixed_sefail,cost_opt,8.414355468847182,7.606096587920739e-11,99.99999999991678,0.0,11.489450350572449,2.2528435474109054,0.03974000105269989,0.03974000105269989,1.0,1.7177867372479194
mixed_sefail,cost_opt,8.43102213551385,0.00032048126507428924,99.99999999991678,2.412295274425489e-07,5.6004991107940504e-05,0.028767154063860906,0.012771687675649018,0.039849232221387317,1.0,0.003602894881871106
mixed_sefail,cost_opt,8.447688802180515,0.0004734111553687293,99.99999999991678,6.028947755862765e-05,5.605332305372078e-05,0.02363122384682807,0.013902873544949733,0.039958735610371936,1.0,0.0029609096462352236
mixed_sefail,cost_opt,8.464355468847183,0.0006558939981036663,99.99999999991678,0.00010963797166254806,5.609670680888245e-05,0.023027297377182638,0.014022735533955692,0.04006851174393422,1.0,0.00288542426049894
mixed_sefail,cost_opt,8.481022135513848,0.0008416327208004641,99.99999999991678,0.00015772837600419706,5.613333242293636e-05,0.023304604838203728,0.013948209390236681,0.040178561146508716,1.0,0.002920092271328333
mixed_sefail,cost_opt,8.497688802180516,0.0010255516172248177,99.99999999991678,0.00020639658052633595,5.6164653859273074e-05,0.02389001536967002,0.013806711714367337,0.04028888434267871,1.0,0.0029932725029411618
mixed_sefail,cost_opt,8.514355468847182,0.0012058926137774606,99.99999999991678,0.00025628445557535534,5.619195144447043e-05,0.024633286769810615,0.013631284306674697,0.04039948185717065,1.0,0.0030861848401568855
mixed_sefail,cost_opt,8.53102213551385,0.001381761338118267,99.99999999991678,0.0003077208695779701,5.621613565628868e-05,0.025482111422259462,0.013433257523777262,0.040510354214848734,1.0,0.0031922909447394694
mixed_sefail,cost_opt,8.547688802180515,0.0015525612313848473,99.99999999991678,0.00036092571865696126,5.623784023359587e-05,0.026416052781310796,0.013216954038160166,0.040621501940709286,1.0,0.003309036327693049
mixed_sefail,cost_opt,8.564355468847182,0.0017178103553931192,99.99999999991678,0.00041607632411851206,5.625751113698617e-05,0.027427323278747442,0.012983942419947674,0.04073292555987524,1.0,0.003435447598735554
mixed_sefail,cost_opt,8.581022135513848,0.0018770691388948566,99.99999999991678,0.00047333378409743795,5.627546660173299e-05,0.028513780808534235,0.01273457692699199,0.040844625597590445,1.0,0.003571257034391996
mixed_sefail,cost_opt,8.597688802180516,0.002029908377660277,99.99999999991678,0.0005328547346706378,5.6291935696028106e-05,0.02967593370672413,0.012468651583748235,0.04095660257921419,1.0,0.0037165282053025195
mixed_sefail,cost_opt,8.614355468847181,0.0021758943755004058,99.99999999991678,0.0005947968714256799,5.6307083231594876e-05,0.030915388287335057,0.012185737854864641,0.041068857030215324,1.0,0.003871461921320831
mixed_sefail,cost_opt,8.631022135513849,0.002314582947482868,99.99999999991678,0.000659321236781027,5.632102625033577e-05,0.032233915314919474,0.01188538748265904,0.04118138947616669,1.0,0.004036279542646226
mixed_sefail,cost_opt,8.647688802180515,0.0024455187486211037,99.99999999991678,0.0007265925624917975,5.6333845339617456e-05,0.03363271469046238,0.01156729325191341,0.04129420044273931,1.0,0.00421113106697525
mixed_sefail,cost_opt,8.664355468847182,0.0025682388138811973,99.99999999991678,0.0007967780802747182,5.634559280880549e-05,0.03511178529480489,0.011231427588779225,0.041407290455696674,1.0,0.004396016360951712
mixed_sefail,cost_opt,8.68102213551385,0.0026822797209966743,99.99999999991678,0.0008700450196239135,5.6356299041456095e-05,0.036669319932257374,0.01087817641254788,0.04152066004088885,1.0,0.004590709528912354
mixed_sefail,cost_opt,8.697688802180515,0.002787188244680269,99.99999999991678,0.000946556845105786,5.636597788356407e-05,0.038301140860565644,0.010508464398620269,0.041634309724246685,1.0,0.004794688354806151
mixed_sefail,cost_opt,8.714355468847183,0.002882535274531095,99.99999999991678,0.0010264683176858887,5.637463160387538e-05,0.04000028247430541,0.010123847458030943,0.04174824003177596,1.0,0.005007082138238662
mixed_sefail,cost_opt,8.731022135513848,0.002967932143676808,99.99999999991678,0.001109919686656533,5.638225570134515e-05,0.041756705893292896,0.009726575738616221,0.04186245148955138,1.0,0.005226636018624281
mixed_sefail,cost_opt,8.747688802180516,0.003043048602042718,99.99999999991678,0.0011970302869669378,5.638884355566075e-05,0.0435574268504953,0.00931956378130968,0.04197694462371075,1.0,0.00545172696175637
mixed_sefail,cost_opt,8.764355468847182,0.003107630025792681,99.99999999991678,0.0012878924029962105,5.6394390718031336e-05,0.045386846632697334,0.008906315133014106,0.04209171996044887,1.0,0.00568040512792692
mixed_sefail,cost_opt,8.78102213551385,0.00316151268085813,99.99999999991678,0.0013825658217949924,5.639889844717342e-05,0.04722767231329473,0.00849071454907725,0.04220677802601164,1.0,0.005910508901467737
mixed_sefail,cost_opt,8.797688802180515,0.003204633606023387,99.99999999991678,0.0014810743034861214,5.640237611057327e-05,0.04906182914895328,0.008076822180793362,0.042322119346689904,1.0,0.0061397789406329815
mixed_sefail,cost_opt,8.814355468847182,0.00323703516497629,99.99999999991678,0.001583403952496671,5.640484218155579e-05,0.050871835337879506,0.00766856398280596,0.04243774444881346,1.0,0.006366030022507633
mixed_sefail,cost_opt,8.831022135513848,0.003258861574402474,99.99999999991678,0.0016895044528717983,5.640632379968459e-05,0.05264167955489253,0.007269534242884112,0.04255365385874484,1.0,0.006587260734836527
mixed_sefail,cost_opt,8.847688802180516,0.003270350312711183,99.99999999991678,0.0017992921317857404,5.640685518815331e-05,0.054357906231760136,0.006882751564337591,0.0426698481028733,1.0,0.006801789135868537
mixed_sefail,cost_opt,8.864355468847181,0.0032718172008006424,99.99999999991678,0.001912655284050216,5.640647527150841e-05,0.05600985497899904,0.00651060530396779,0.04278632770760847,1.0,0.00700828268178382
mixed_sefail,cost_opt,8.881022135513849,0.003263640091327191,99.99999999991678,0.0020294599954132795,5.640522509875961e-05,0.05759005516498429,0.006154767140286415,0.04290309319937429,1.0,0.007205807548760382
mixed_sefail,cost_opt,8.897688802180515,0.00324624026207158,99.99999999991678,0.0021495567878926196,5.640314529761847e-05,0.05909381842505693,0.005816283110643899,0.04302014510460259,1.0,0.007393777696294319
mixed_sefail,cost_opt,8.914355468847182,0.003220066192196777,99.99999999991678,0.0022727864161641914,5.640027401956842e-05,0.06051911500561188,0.005495601716095069,0.04313748394972697,1.0,0.007571939409953931
mixed_sefail,cost_opt,8.93102213551385,0.0031855780645366695,99.99999999991678,0.0023989854063300904,5.639664524632458e-05,0.06186590190464447,0.005192725321182182,0.043255110261176344,1.0,0.007740287318736349
mixed_sefail,cost_opt,8.947688802180515,0.003143236190921697,99.99999999991678,0.002527990194975696,5.6392287689584406e-05,0.06313583585998904,0.004907274875565715,0.04337302456536864,1.0,0.007899028518459828
mixed_sefail,cost_opt,8.964355468847183,0.0030934911141394816,99.99999999991678,0.0026596406702833596,5.638722395597284e-05,0.06433166233481735,0.00463862749864099,0.04349122738870439,1.0,0.008048506194846665
mixed_sefail,cost_opt,8.981022135513848,0.0030367772759192953,99.99999999991678,0.0027937824401974712,5.638147010753948e-05,0.065456981708621,0.004385969134832244,0.04360971925756031,1.0,0.008189170397341069
mixed_sefail,cost_opt,8.997688802180516,0.002973508049606872,99.99999999991678,0.002930268613486489,5.637503528041328e-05,0.066515817558033,0.00414839173214992,0.04372850069828283,1.0,0.008321524074164177
mixed_sefail,cost_opt,9.014355468847182,0.0029040732918968024,99.99999999991678,0.003068960681389225,5.636792147085848e-05,0.06751248967882684,0.003924921830459872,0.04384757223718157,1.0,0.008446107200037212
mixed_sefail,cost_opt,9.03102213551385,0.0028288376355735776,99.99999999991678,0.0032097291347231785,5.636012321377773e-05,0.06845135003854158,0.003714580008971705,0.04396693440052286,1.0,0.00856346377021942
mixed_sefail,cost_opt,9.047688802180515,0.002748140323142811,99.99999999991678,0.003352453530893502,5.635162725021944e-05,0.06933674125698315,0.0035163902686301558,0.04408658771452307,1.0,0.008674136610529171
mixed_sefail,cost_opt,9.064355468847182,0.002662295283334599,99.99999999991678,0.0034970224744023215,5.634241196607059e-05,0.07017285062165905,0.0033294129562881805,0.044206532705342194,1.0,0.00877864912920314
mixed_sefail,cost_opt,9.081022135513848,0.002571592060477612,99.99999999991678,0.003643333293222374,5.633244666613097e-05,0.07096371954842344,0.00315274274100463,0.04432676989907693,1.0,0.008877506499386196
mixed_sefail,cost_opt,9.097688802180516,0.0024762966904351403,99.99999999991678,0.0037912917348788106,5.632169048956732e-05,0.07171317102875427,0.002985525100602754,0.04444729982175428,1.0,0.00897118658990548
mixed_sefail,cost_opt,9.114355468847181,0.002376653002468615,99.99999999991678,0.0039408115113772355,5.6310090968585625e-05,0.07242484437726093,0.0028269487228646493,0.044568122999324646,1.0,0.00906014430852869
mixed_sefail,cost_opt,9.131022135513849,0.002272883722063732,99.99999999991678,0.004091813916519381,5.6297582009792255e-05,0.07310216676747841,0.002676252220863625,0.0446892399576552,1.0,0.009144808043686028
mixed_sefail,cost_opt,9.147688802180515,0.0021651917449792128,99.99999999991678,0.004244227383914148,5.6284081183729036e-05,0.07374839910681724,0.002532714231715276,0.04481065122252298,1.0,0.009225585398500121
mixed_sefail,cost_opt,9.164355468847182,0.0020537611507019313,99.99999999991678,0.004397987140555816,5.6269485983371424e-05,0.07436663628478377,0.002395653944248064,0.044932357319608235,1.0,0.009302863221345893
mixed_sefail,cost_opt,9.18102213551385,0.0019387582241794329,99.99999999991678,0.004553034860911581,5.625366869091098e-05,0.07495985964136383,0.002264420097072982,0.04505435877448741,1.0,0.009377014163756843
mixed_sefail,cost_opt,9.197688802180515,0.0018203321848778078,99.99999999991678,0.004709318430307528,5.6236469172766516e-05,0.07553096211945658,0.00213838644980279,0.04517665611262634,1.0,0.009448399823578668
mixed_sefail,cost_opt,9.214355468847183,0.0016986157879589864,99.99999999991678,0.004866791760700505,5.621768462944637e-05,0.07608281228651834,0.002016938989570592,0.04529924985937334,1.0,0.009517378746393473
mixed_sefail,cost_opt,9.231022135513848,0.0015737255788549165,99.99999999991678,0.0050254147398070634,5.6197054625589795e-05,0.07661831391143245,0.0018994648830008493,0.04542214053995217,1.0,0.009584313870757255
mixed_sefail,cost_opt,9.247688802180516,0.0014457618395894462,99.99999999991678,0.0051851533043196845,5.617423861828489e-05,0.07714050284055582,0.0017853342211826273,0.04554532867945512,1.0,0.009649584634896765
mixed_sefail,cost_opt,9.264355468847182,0.0013148080290246655,99.99999999991678,0.005345979714901297,5.614878100305143e-05,0.07765267837277844,0.0016738759757553815,0.04566881480283589,1.0,0.009713603394222685
mixed_sefail,cost_opt,9.28102213551385,0.0011809295486772998,99.99999999991678,0.005507873104805008,5.612005437464084e-05,0.07815860122041512,0.0015643424197974629,0.0457925994349026,1.0,0.00977684015934872
mixed_sefail,cost_opt,9.297688802180515,0.0010441715031313929,99.99999999991678,0.005670820440794154,5.608716243492896e-05,0.07866282638114032,0.0014558495833361718,0.045916683100310635,1.0,0.009839864192946905
mixed_sefail,cost_opt,9.314355468847182,0.00090455477455962,99.99999999991678,0.005834818177343269,5.604876237375123e-05,0.07917126046681644,0.0013472799694378462,0.046041066323555535,1.0,0.009903413653648774
mixed_sefail,cost_opt,9.331022135513848,0.0007620693147443832,99.99999999991678,0.005999875071570748,5.6002710589955655e-05,0.07969226472545607,0.0012370905220078978,0.04616574962896576,1.0,0.009968533429505754
mixed_sefail,cost_opt,9.347688802180516,0.0006166619385998147,99.99999999991678,0.006166017295395843,5.594526797383232e-05,0.080238960893896,0.0011229199435090229,0.04629073354069557,1.0,0.01003686327023373
mixed_sefail,cost_opt,9.364355468847181,0.00046821276912934845,99.99999999991678,0.006333298349899739,5.586898821144378e-05,0.08083512131077622,0.0010005991961103391,0.046416018582717676,1.0,0.010111373787373458
mixed_sefail,cost_opt,9.381022135513849,0.0003164829196670703,99.99999999991678,0.006501821246355963,5.57553561753352e-05,0.08153413185022232,0.0008610583977629789,0.04654160527881605,1.0,0.010198735900799706
mixed_sefail,cost_opt,9.397688802180515,0.00016097111827515675,99.99999999991678,0.006671800178035959,5.5530044315923895e-05,0.08252686738354491,0.0006741140048770871,0.04666749415257846,1.0,0.010322799678482604
mixed_sefail,cost_opt,9.414355468847182,2.7537797405628675e-07,99.99999999991678,0.006843846839344002,0.12669407538300076,0.13659997699284152,0.046793685727389324,0.046793685727389324,1.0,0.03291175654698028
